time,iso,open,high,low,close,tick_volume,spread
1699228800,2023-11-06T00:00:00+00:00,1987.35,1989.12,1977.47,1977.55,77247,4
1699315200,2023-11-07T00:00:00+00:00,1978.17,1978.27,1956.71,1968.97,158633,6
1699401600,2023-11-08T00:00:00+00:00,1969.06,1971.04,1947.44,1949.67,150695,6
1699488000,2023-11-09T00:00:00+00:00,1950.89,1965.64,1944.51,1957.3,170616,5
1699574400,2023-11-10T00:00:00+00:00,1958.16,1960.81,1933.06,1935.76,156491,5
1699747200,2023-11-12T00:00:00+00:00,1940.52,1940.69,1933.76,1940.29,1240,14
1699833600,2023-11-13T00:00:00+00:00,1940.25,1949.22,1931.6,1946.4,126023,6
1699920000,2023-11-14T00:00:00+00:00,1946.43,1970.87,1943.71,1962.4,138654,5
1700006400,2023-11-15T00:00:00+00:00,1962.43,1975.34,1955.37,1960.25,141804,5
1700092800,2023-11-16T00:00:00+00:00,1960.23,1987.91,1956.41,1982.47,132331,6
1700179200,2023-11-17T00:00:00+00:00,1982.47,1993.36,1978.53,1980.21,130852,6
1700352000,2023-11-19T00:00:00+00:00,1977.45,1978.67,1974.1,1974.49,2316,13
1700438400,2023-11-20T00:00:00+00:00,1974.49,1985.15,1965.4,1981.21,147320,6
1700524800,2023-11-21T00:00:00+00:00,1981.21,2007.53,1980.69,1999.25,163752,5
1700611200,2023-11-22T00:00:00+00:00,1999.24,2006.43,1986.86,1990.25,144001,5
1700697600,2023-11-23T00:00:00+00:00,1990.16,1998.52,1989.82,1994.05,39257,5
1700784000,2023-11-24T00:00:00+00:00,1994.07,2003.58,1991.45,2002.33,52211,6
1700956800,2023-11-26T00:00:00+00:00,2000.89,2003.09,2000.38,2002.24,1678,17
1701043200,2023-11-27T00:00:00+00:00,2002.24,2018.12,2001.69,2015.22,78105,6
1701129600,2023-11-28T00:00:00+00:00,2015.21,2044.47,2011.49,2044.35,76808,6
1701216000,2023-11-29T00:00:00+00:00,2044.4,2051.99,2035.42,2044.57,90708,6
1701302400,2023-11-30T00:00:00+00:00,2044.57,2047.25,2031.62,2040.06,82228,5
1701388800,2023-12-01T00:00:00+00:00,2040.13,2075.36,2033.91,2071.57,63758,5
1701561600,2023-12-03T00:00:00+00:00,2074.03,2134.17,2071.53,2117.23,2959,5
1701648000,2023-12-04T00:00:00+00:00,2117.53,2120.45,2020.13,2033.87,80515,5
1701734400,2023-12-05T00:00:00+00:00,2033.91,2041.17,2009.8,2018.87,74531,5
1701820800,2023-12-06T00:00:00+00:00,2018.87,2035.86,2018.67,2026.97,64088,5
1701907200,2023-12-07T00:00:00+00:00,2026.97,2039.94,2020.18,2028.0,62663,5
1701993600,2023-12-08T00:00:00+00:00,2028.09,2033.98,1994.58,2003.56,66036,5
1702166400,2023-12-10T00:00:00+00:00,2005.55,2007.51,2004.48,2007.02,1210,14
1702252800,2023-12-11T00:00:00+00:00,2007.12,2007.71,1975.78,1982.85,59589,5
1702339200,2023-12-12T00:00:00+00:00,1982.85,1996.68,1977.21,1982.44,49749,5
1702425600,2023-12-13T00:00:00+00:00,1982.44,2033.01,1973.0,2032.74,57291,5
1702512000,2023-12-14T00:00:00+00:00,2032.71,2047.9,2027.55,2035.47,72425,5
1702598400,2023-12-15T00:00:00+00:00,2035.57,2044.95,2015.48,2019.03,337239,5
1702771200,2023-12-17T00:00:00+00:00,2019.59,2020.11,2015.86,2017.42,4822,20
1702857600,2023-12-18T00:00:00+00:00,2017.46,2033.77,2016.01,2027.59,275949,9
1702944000,2023-12-19T00:00:00+00:00,2027.61,2047.03,2021.62,2040.89,308406,8
1703030400,2023-12-20T00:00:00+00:00,2040.87,2043.56,2036.59,2040.71,62008,16
1712707200,2024-04-10T00:00:00+00:00,2327.55,2352.38,2319.44,2335.61,143366,7
1712793600,2024-04-11T00:00:00+00:00,2335.57,2379.61,2325.77,2376.87,268679,7
1712880000,2024-04-12T00:00:00+00:00,2377.08,2431.47,2333.83,2342.86,353937,7
1713052800,2024-04-14T00:00:00+00:00,2358.73,2372.54,2346.85,2364.72,18127,7
1713139200,2024-04-15T00:00:00+00:00,2364.74,2392.23,2324.46,2382.0,319067,7
1713225600,2024-04-16T00:00:00+00:00,2381.92,2398.29,2363.02,2382.72,314323,7
1713312000,2024-04-17T00:00:00+00:00,2382.74,2395.59,2355.73,2367.94,274559,0
1713398400,2024-04-18T00:00:00+00:00,2367.95,2392.8,2364.1,2379.9,238411,3
1713484800,2024-04-19T00:00:00+00:00,2379.89,2417.93,2372.94,2389.95,304986,7
1713657600,2024-04-21T00:00:00+00:00,2384.39,2388.59,2381.97,2386.55,7873,7
1713744000,2024-04-22T00:00:00+00:00,2386.58,2386.58,2324.6,2333.83,231616,7
1713830400,2024-04-23T00:00:00+00:00,2333.8,2334.45,2291.53,2323.31,253658,7
1713916800,2024-04-24T00:00:00+00:00,2323.32,2337.29,2311.82,2316.28,197866,7
1714003200,2024-04-25T00:00:00+00:00,2316.29,2344.83,2305.17,2330.67,205613,7
1714089600,2024-04-26T00:00:00+00:00,2330.67,2352.58,2326.33,2337.08,195801,7
1714262400,2024-04-28T00:00:00+00:00,2333.85,2336.86,2332.6,2335.96,5005,7
1714348800,2024-04-29T00:00:00+00:00,2335.91,2346.74,2319.98,2333.18,205064,7
1714435200,2024-04-30T00:00:00+00:00,2333.19,2336.19,2285.08,2291.37,227781,7
1714521600,2024-05-01T00:00:00+00:00,2291.33,2328.32,2281.66,2323.77,231361,7
1714608000,2024-05-02T00:00:00+00:00,2323.77,2326.44,2285.52,2304.26,218029,7
1714694400,2024-05-03T00:00:00+00:00,2304.3,2320.6,2277.26,2302.31,206745,7
1714867200,2024-05-05T00:00:00+00:00,2302.37,2303.26,2293.37,2293.95,5911,7
1714953600,2024-05-06T00:00:00+00:00,2293.95,2332.0,2291.87,2326.05,197750,7
1715040000,2024-05-07T00:00:00+00:00,2326.06,2329.92,2310.03,2315.17,168617,7
1715126400,2024-05-08T00:00:00+00:00,2315.18,2321.46,2303.74,2308.85,177885,7
1715212800,2024-05-09T00:00:00+00:00,2308.84,2348.4,2306.74,2346.58,191480,7
1715299200,2024-05-10T00:00:00+00:00,2346.59,2378.42,2346.02,2361.54,193715,7
1715472000,2024-05-12T00:00:00+00:00,2361.43,2363.04,2359.71,2360.37,3403,7
1715558400,2024-05-13T00:00:00+00:00,2360.37,2364.52,2331.93,2338.39,166743,7
1715644800,2024-05-14T00:00:00+00:00,2338.38,2359.69,2334.83,2355.84,168447,7
1715731200,2024-05-15T00:00:00+00:00,2355.84,2391.91,2351.85,2391.8,196400,7
1715817600,2024-05-16T00:00:00+00:00,2391.8,2397.42,2370.98,2377.85,168666,7
1715904000,2024-05-17T00:00:00+00:00,2377.85,2422.69,2373.99,2417.71,161309,7
1716076800,2024-05-19T00:00:00+00:00,2425.13,2425.28,2416.78,2420.27,7052,7
1716163200,2024-05-20T00:00:00+00:00,2420.27,2450.07,2407.41,2426.27,237906,7
1716249600,2024-05-21T00:00:00+00:00,2426.18,2433.93,2406.43,2421.87,228525,0
1716336000,2024-05-22T00:00:00+00:00,2421.87,2426.51,2374.99,2382.25,244170,0
1716422400,2024-05-23T00:00:00+00:00,2382.25,2383.67,2327.13,2332.03,272732,0
1716508800,2024-05-24T00:00:00+00:00,2331.92,2347.46,2325.48,2334.25,177097,6
1716681600,2024-05-26T00:00:00+00:00,2335.88,2340.69,2332.29,2337.2,4701,7
1716768000,2024-05-27T00:00:00+00:00,2337.16,2358.47,2334.46,2352.44,113875,7
1716854400,2024-05-28T00:00:00+00:00,2352.44,2364.15,2340.27,2359.88,213060,10
1716940800,2024-05-29T00:00:00+00:00,2359.88,2361.35,2334.58,2338.41,197060,10
1717027200,2024-05-30T00:00:00+00:00,2338.41,2351.78,2322.59,2344.06,159282,0
1717113600,2024-05-31T00:00:00+00:00,2344.07,2359.72,2320.57,2329.13,224813,0
1717286400,2024-06-02T00:00:00+00:00,2328.7,2328.72,2323.31,2325.8,4661,0
1717372800,2024-06-03T00:00:00+00:00,2325.81,2354.74,2314.73,2350.52,195637,0
1717459200,2024-06-04T00:00:00+00:00,2350.52,2352.72,2315.59,2328.76,213246,0
1717545600,2024-06-05T00:00:00+00:00,2328.76,2357.45,2325.85,2355.0,189617,0
1717632000,2024-06-06T00:00:00+00:00,2355.0,2378.53,2353.48,2376.82,198464,0
1717718400,2024-06-07T00:00:00+00:00,2376.87,2387.69,2286.73,2291.48,249084,0
1717891200,2024-06-09T00:00:00+00:00,2290.47,2300.04,2290.2,2298.4,5328,0
1717977600,2024-06-10T00:00:00+00:00,2298.4,2313.77,2287.75,2309.87,163551,0
1718064000,2024-06-11T00:00:00+00:00,2309.87,2319.98,2297.68,2314.69,199401,0
1718150400,2024-06-12T00:00:00+00:00,2314.69,2341.65,2310.67,2320.55,221709,0
1718236800,2024-06-13T00:00:00+00:00,2320.55,2326.68,2295.62,2302.29,224547,0
1718323200,2024-06-14T00:00:00+00:00,2302.29,2336.64,2301.5,2332.2,219274,0
1718496000,2024-06-16T00:00:00+00:00,2331.12,2331.36,2327.41,2328.84,3702,0
1718582400,2024-06-17T00:00:00+00:00,2328.84,2328.99,2309.99,2320.69,178153,0
1718668800,2024-06-18T00:00:00+00:00,2320.69,2333.11,2306.61,2328.28,177704,0
1718755200,2024-06-19T00:00:00+00:00,2328.28,2335.05,2323.72,2329.33,99712,0
1718841600,2024-06-20T00:00:00+00:00,2329.35,2365.49,2327.68,2360.8,189363,0
1718928000,2024-06-21T00:00:00+00:00,2360.8,2368.74,2316.72,2321.37,207940,0
1719100800,2024-06-23T00:00:00+00:00,2321.07,2322.15,2317.65,2319.17,3565,0
1719187200,2024-06-24T00:00:00+00:00,2319.16,2334.66,2317.88,2330.84,180953,0
1719273600,2024-06-25T00:00:00+00:00,2330.84,2337.14,2315.47,2320.05,135174,0
1719360000,2024-06-26T00:00:00+00:00,2320.05,2323.85,2293.62,2298.4,160551,0
1719446400,2024-06-27T00:00:00+00:00,2298.4,2331.02,2296.54,2327.76,147219,2
1719532800,2024-06-28T00:00:00+00:00,2327.76,2339.78,2319.01,2325.38,149145,0
1719705600,2024-06-30T00:00:00+00:00,2322.83,2326.17,2322.7,2324.92,3324,2
1719792000,2024-07-01T00:00:00+00:00,2324.91,2338.51,2318.48,2332.25,144365,0
1719878400,2024-07-02T00:00:00+00:00,2332.25,2336.77,2319.07,2330.31,149124,0
1719964800,2024-07-03T00:00:00+00:00,2330.3,2364.94,2326.86,2358.79,178601,3
1720051200,2024-07-04T00:00:00+00:00,2358.82,2362.45,2350.48,2356.74,95153,1
1720137600,2024-07-05T00:00:00+00:00,2356.74,2392.89,2349.67,2391.23,191074,2
1720310400,2024-07-07T00:00:00+00:00,2389.5,2390.2,2384.84,2386.08,4100,10
1720396800,2024-07-08T00:00:00+00:00,2386.08,2391.1,2351.08,2361.78,184010,1
1720483200,2024-07-09T00:00:00+00:00,2361.78,2371.56,2349.43,2365.03,178142,3
1720569600,2024-07-10T00:00:00+00:00,2364.99,2386.7,2363.28,2372.86,151176,0
1720656000,2024-07-11T00:00:00+00:00,2372.86,2424.56,2371.46,2415.97,214231,3
1720742400,2024-07-12T00:00:00+00:00,2415.97,2418.29,2391.45,2411.76,183313,0
1720915200,2024-07-14T00:00:00+00:00,2411.84,2412.19,2405.66,2408.69,8217,8
1721001600,2024-07-15T00:00:00+00:00,2408.7,2439.68,2401.35,2422.55,192827,0
1721088000,2024-07-16T00:00:00+00:00,2422.55,2469.96,2420.04,2468.29,229551,0
1721174400,2024-07-17T00:00:00+00:00,2468.29,2483.71,2451.5,2461.33,297234,4
1721260800,2024-07-18T00:00:00+00:00,2461.38,2474.92,2440.35,2441.28,223327,0
1721347200,2024-07-19T00:00:00+00:00,2441.26,2441.34,2393.81,2398.67,254989,6
1721520000,2024-07-21T00:00:00+00:00,2403.9,2411.95,2402.53,2411.54,7031,9
1721606400,2024-07-22T00:00:00+00:00,2411.55,2412.17,2383.81,2395.73,212864,0
1721692800,2024-07-23T00:00:00+00:00,2395.74,2411.99,2388.29,2408.52,194052,3
1721779200,2024-07-24T00:00:00+00:00,2408.53,2432.0,2393.04,2398.69,233684,4
1721865600,2024-07-25T00:00:00+00:00,2398.7,2400.08,2353.1,2363.83,331613,1
1721952000,2024-07-26T00:00:00+00:00,2363.83,2390.8,2355.81,2387.95,223246,2
1722124800,2024-07-28T00:00:00+00:00,2388.11,2403.12,2387.69,2397.03,8034,3
1722211200,2024-07-29T00:00:00+00:00,2397.06,2402.52,2369.6,2381.12,202784,0
1722297600,2024-07-30T00:00:00+00:00,2381.17,2412.73,2376.51,2409.85,215708,0
1722384000,2024-07-31T00:00:00+00:00,2409.86,2450.93,2403.56,2445.74,256842,0
1722470400,2024-08-01T00:00:00+00:00,2445.74,2462.28,2430.25,2445.78,301806,0
1722556800,2024-08-02T00:00:00+00:00,2445.8,2477.66,2410.8,2441.89,323975,0
1722729600,2024-08-04T00:00:00+00:00,2440.23,2446.31,2437.56,2440.96,13447,10
1722816000,2024-08-05T00:00:00+00:00,2440.95,2458.78,2364.29,2404.82,434781,0
1722902400,2024-08-06T00:00:00+00:00,2404.89,2418.34,2381.61,2383.86,321853,0
1722988800,2024-08-07T00:00:00+00:00,2383.84,2407.07,2379.03,2384.87,257140,0
1723075200,2024-08-08T00:00:00+00:00,2384.86,2427.71,2383.25,2424.63,262801,0
1723161600,2024-08-09T00:00:00+00:00,2424.63,2437.02,2416.89,2430.47,193586,0
1723334400,2024-08-11T00:00:00+00:00,2428.22,2433.48,2427.34,2427.9,6212,0
1723420800,2024-08-12T00:00:00+00:00,2427.89,2476.0,2423.84,2475.59,176743,0
1723507200,2024-08-13T00:00:00+00:00,2475.61,2476.91,2458.46,2464.14,214835,0
1723593600,2024-08-14T00:00:00+00:00,2464.16,2479.87,2438.1,2449.45,242286,0
1723680000,2024-08-15T00:00:00+00:00,2449.49,2470.06,2432.19,2457.34,234496,0
1723766400,2024-08-16T00:00:00+00:00,2457.33,2509.73,2450.73,2507.57,232327,0
1723939200,2024-08-18T00:00:00+00:00,2506.59,2506.81,2502.07,2506.45,8396,9
1724025600,2024-08-19T00:00:00+00:00,2506.45,2507.49,2485.64,2503.65,228415,0
1724112000,2024-08-20T00:00:00+00:00,2503.65,2531.64,2497.33,2512.94,225395,0
1724198400,2024-08-21T00:00:00+00:00,2512.91,2519.95,2493.4,2512.8,210834,0
1724284800,2024-08-22T00:00:00+00:00,2512.79,2514.63,2470.76,2487.57,226990,0
1724371200,2024-08-23T00:00:00+00:00,2487.56,2518.34,2486.5,2510.85,223508,0
1724544000,2024-08-25T00:00:00+00:00,2511.96,2516.67,2511.0,2515.95,9539,8
1724630400,2024-08-26T00:00:00+00:00,2515.95,2526.82,2508.72,2515.52,215321,0
1724716800,2024-08-27T00:00:00+00:00,2515.52,2528.99,2503.52,2525.11,211878,0
1724803200,2024-08-28T00:00:00+00:00,2525.31,2525.88,2493.65,2508.12,189661,0
1724889600,2024-08-29T00:00:00+00:00,2508.13,2528.66,2503.64,2519.6,186442,0
1724976000,2024-08-30T00:00:00+00:00,2519.62,2526.83,2494.15,2502.35,195848,0
1725148800,2024-09-01T00:00:00+00:00,2502.81,2504.84,2501.95,2503.01,4159,0
1725235200,2024-09-02T00:00:00+00:00,2503.01,2507.28,2490.05,2497.18,120199,1
1725321600,2024-09-03T00:00:00+00:00,2497.21,2506.27,2473.6,2493.25,217990,0
1725408000,2024-09-04T00:00:00+00:00,2493.26,2500.28,2471.87,2495.87,194615,0
1725494400,2024-09-05T00:00:00+00:00,2495.9,2523.48,2493.85,2517.27,207588,0
1725580800,2024-09-06T00:00:00+00:00,2517.31,2529.17,2485.09,2496.13,254305,0
1725753600,2024-09-08T00:00:00+00:00,2496.97,2498.29,2495.53,2496.89,6580,5
1725840000,2024-09-09T00:00:00+00:00,2496.89,2507.66,2485.56,2506.76,219307,0
1725926400,2024-09-10T00:00:00+00:00,2506.75,2518.79,2500.15,2518.63,202202,0
1726012800,2024-09-11T00:00:00+00:00,2518.62,2529.04,2500.67,2511.94,250818,0
1726099200,2024-09-12T00:00:00+00:00,2511.92,2560.06,2511.02,2558.49,253996,0
1726185600,2024-09-13T00:00:00+00:00,2558.47,2586.05,2556.77,2580.48,237903,0
1726358400,2024-09-15T00:00:00+00:00,2578.76,2580.45,2577.57,2579.24,6852,3
1726444800,2024-09-16T00:00:00+00:00,2579.16,2589.65,2575.17,2583.73,175507,0
1726531200,2024-09-17T00:00:00+00:00,2583.73,2586.92,2560.79,2574.03,216181,0
1726617600,2024-09-18T00:00:00+00:00,2574.03,2600.15,2546.81,2559.32,289054,0
1726704000,2024-09-19T00:00:00+00:00,2559.32,2594.87,2550.89,2587.26,291661,0
1726790400,2024-09-20T00:00:00+00:00,2587.26,2625.77,2584.8,2621.09,252360,0
1726963200,2024-09-22T00:00:00+00:00,2621.04,2622.03,2619.62,2620.22,5098,9
1727049600,2024-09-23T00:00:00+00:00,2620.21,2634.87,2613.85,2626.34,219623,0
1727136000,2024-09-24T00:00:00+00:00,2626.34,2664.31,2622.61,2658.19,288354,0
1727222400,2024-09-25T00:00:00+00:00,2658.2,2670.54,2649.77,2656.37,250710,0
1727308800,2024-09-26T00:00:00+00:00,2656.33,2685.57,2654.83,2672.68,276516,0
1727395200,2024-09-27T00:00:00+00:00,2672.66,2674.31,2643.09,2653.33,286081,0
1727568000,2024-09-29T00:00:00+00:00,2661.64,2665.05,2659.86,2663.56,10415,11
1727654400,2024-09-30T00:00:00+00:00,2663.58,2665.91,2624.66,2635.72,277029,0
1727740800,2024-10-01T00:00:00+00:00,2635.72,2673.15,2633.94,2660.37,233245,0
1727827200,2024-10-02T00:00:00+00:00,2660.39,2663.36,2641.13,2660.27,207888,0
1727913600,2024-10-03T00:00:00+00:00,2660.28,2662.86,2639.74,2655.82,225811,0
1728000000,2024-10-04T00:00:00+00:00,2655.82,2670.21,2632.0,2651.86,226942,0
1728172800,2024-10-06T00:00:00+00:00,2651.63,2652.44,2649.66,2650.22,5674,9
1728259200,2024-10-07T00:00:00+00:00,2650.23,2659.65,2637.76,2643.03,204749,1
1728345600,2024-10-08T00:00:00+00:00,2643.05,2653.03,2604.72,2622.01,307619,0
1728432000,2024-10-09T00:00:00+00:00,2622.01,2624.3,2605.15,2608.44,219553,0
1728518400,2024-10-10T00:00:00+00:00,2608.48,2635.89,2605.93,2633.18,256672,0
1728604800,2024-10-11T00:00:00+00:00,2633.19,2661.39,2632.02,2656.71,206733,0
1728777600,2024-10-13T00:00:00+00:00,2649.74,2652.56,2646.92,2648.04,8846,8
1728864000,2024-10-14T00:00:00+00:00,2648.08,2666.81,2643.15,2649.42,179540,0
1728950400,2024-10-15T00:00:00+00:00,2649.39,2668.91,2638.02,2660.47,232844,0
1729036800,2024-10-16T00:00:00+00:00,2660.46,2685.3,2658.69,2674.09,227672,0
1729123200,2024-10-17T00:00:00+00:00,2674.09,2696.83,2673.16,2693.74,246711,0
1729209600,2024-10-18T00:00:00+00:00,2693.73,2722.08,2692.8,2721.31,244259,0
1729382400,2024-10-20T00:00:00+00:00,2722.96,2725.09,2720.38,2723.46,6877,10
1729468800,2024-10-21T00:00:00+00:00,2723.47,2740.58,2714.17,2721.49,250181,0
1729555200,2024-10-22T00:00:00+00:00,2721.47,2748.86,2720.64,2746.51,227432,0
1729641600,2024-10-23T00:00:00+00:00,2746.52,2758.43,2708.72,2721.34,258363,0
1729728000,2024-10-24T00:00:00+00:00,2721.32,2743.28,2717.85,2733.81,226218,0
1729814400,2024-10-25T00:00:00+00:00,2733.76,2746.05,2717.06,2745.25,187095,0
1729987200,2024-10-27T00:00:00+00:00,2733.78,2740.23,2730.28,2735.8,12320,11
1730073600,2024-10-28T00:00:00+00:00,2735.8,2745.94,2724.69,2744.43,178570,0
1730160000,2024-10-29T00:00:00+00:00,2744.42,2775.39,2743.28,2775.0,211048,1
1730246400,2024-10-30T00:00:00+00:00,2775.0,2790.01,2770.89,2785.45,206546,0
1730332800,2024-10-31T00:00:00+00:00,2785.45,2790.16,2731.56,2746.75,209244,0
1730419200,2024-11-01T00:00:00+00:00,2746.75,2762.2,2733.16,2734.47,210997,0
1730592000,2024-11-03T00:00:00+00:00,2732.26,2740.3,2732.01,2738.34,4113,4
1730678400,2024-11-04T00:00:00+00:00,2738.34,2748.16,2731.71,2736.03,193986,3
1730764800,2024-11-05T00:00:00+00:00,2736.03,2750.0,2724.7,2745.64,180720,0
1730851200,2024-11-06T00:00:00+00:00,2745.62,2749.76,2652.39,2663.99,343252,0
1730937600,2024-11-07T00:00:00+00:00,2663.99,2710.26,2643.69,2706.88,254037,0
1731024000,2024-11-08T00:00:00+00:00,2706.88,2710.34,2680.38,2683.84,223934,0
1731196800,2024-11-10T00:00:00+00:00,2683.35,2685.66,2681.34,2685.58,3296,4
1731283200,2024-11-11T00:00:00+00:00,2685.58,2686.18,2610.62,2623.99,227122,0
1731369600,2024-11-12T00:00:00+00:00,2623.99,2627.17,2589.62,2598.91,244169,0
1731456000,2024-11-13T00:00:00+00:00,2598.91,2618.8,2568.76,2570.86,236784,0
1731542400,2024-11-14T00:00:00+00:00,2570.84,2577.46,2536.81,2566.86,273721,0
1731628800,2024-11-15T00:00:00+00:00,2566.86,2576.09,2554.46,2561.42,237841,0
1731801600,2024-11-17T00:00:00+00:00,2567.67,2575.51,2567.67,2571.38,4667,4
1731888000,2024-11-18T00:00:00+00:00,2571.38,2615.09,2569.83,2612.59,215545,4
1731974400,2024-11-19T00:00:00+00:00,2612.59,2639.49,2610.98,2635.18,226273,0
1732060800,2024-11-20T00:00:00+00:00,2635.18,2655.43,2618.86,2652.18,197108,0
1732147200,2024-11-21T00:00:00+00:00,2652.18,2673.52,2650.43,2669.19,205119,0
1732233600,2024-11-22T00:00:00+00:00,2669.18,2712.04,2668.89,2711.95,218283,0
1732406400,2024-11-24T00:00:00+00:00,2710.97,2721.37,2710.71,2719.85,6340,0
1732492800,2024-11-25T00:00:00+00:00,2719.85,2720.19,2605.26,2610.57,243471,0
1732579200,2024-11-26T00:00:00+00:00,2610.57,2642.04,2608.64,2632.25,205266,0
1732665600,2024-11-27T00:00:00+00:00,2632.25,2658.23,2627.04,2637.03,170095,0
1732752000,2024-11-28T00:00:00+00:00,2637.03,2649.7,2620.94,2638.77,129536,2
1732838400,2024-11-29T00:00:00+00:00,2638.77,2666.35,2634.02,2655.26,168443,4
1733011200,2024-12-01T00:00:00+00:00,2648.62,2650.25,2643.01,2645.68,4088,4
1733097600,2024-12-02T00:00:00+00:00,2645.75,2651.82,2621.85,2642.19,221686,0
1733184000,2024-12-03T00:00:00+00:00,2642.19,2655.65,2634.11,2642.75,199627,1
1733270400,2024-12-04T00:00:00+00:00,2642.75,2657.12,2632.41,2650.37,190706,4
1733356800,2024-12-05T00:00:00+00:00,2650.37,2655.52,2623.52,2633.75,179603,3
1733443200,2024-12-06T00:00:00+00:00,2633.75,2645.71,2613.23,2632.84,187971,4
1733616000,2024-12-08T00:00:00+00:00,2643.27,2648.33,2636.29,2640.05,4549,4
1733702400,2024-12-09T00:00:00+00:00,2640.05,2676.39,2627.49,2660.51,207869,0
1733788800,2024-12-10T00:00:00+00:00,2660.51,2698.25,2657.91,2695.95,180939,2
1733875200,2024-12-11T00:00:00+00:00,2695.95,2721.15,2674.92,2719.95,237812,0
1733961600,2024-12-12T00:00:00+00:00,2719.95,2726.09,2675.09,2680.64,214497,0
1734048000,2024-12-13T00:00:00+00:00,2680.64,2692.65,2646.13,2649.72,212819,4
1734220800,2024-12-15T00:00:00+00:00,2648.8,2652.95,2648.75,2651.56,2372,4
1734307200,2024-12-16T00:00:00+00:00,2651.56,2664.37,2643.48,2651.74,155994,4
1734393600,2024-12-17T00:00:00+00:00,2651.74,2658.64,2633.1,2647.42,169872,4
1734480000,2024-12-18T00:00:00+00:00,2647.42,2651.7,2582.55,2588.06,177295,0
1734566400,2024-12-19T00:00:00+00:00,2588.14,2626.46,2587.0,2593.53,191732,3
1734652800,2024-12-20T00:00:00+00:00,2593.53,2631.84,2589.64,2621.62,168277,4
1734825600,2024-12-22T00:00:00+00:00,2622.25,2624.77,2621.71,2624.14,2512,4
1734912000,2024-12-23T00:00:00+00:00,2624.17,2633.22,2608.2,2615.53,131360,0
1734998400,2024-12-24T00:00:00+00:00,2615.53,2621.4,2610.12,2616.16,86419,2
1735084800,2024-12-25T00:00:00+00:00,2615.21,2620.14,2613.82,2618.23,1753,19
1735171200,2024-12-26T00:00:00+00:00,2618.23,2639.1,2618.23,2632.65,100387,0
1735257600,2024-12-27T00:00:00+00:00,2632.65,2638.25,2611.64,2618.75,108871,4
1735430400,2024-12-29T00:00:00+00:00,2621.56,2626.1,2621.55,2623.99,2062,4
1735516800,2024-12-30T00:00:00+00:00,2623.99,2628.07,2596.16,2606.66,133237,4
1735603200,2024-12-31T00:00:00+00:00,2606.66,2627.53,2602.68,2624.19,115314,4
1735689600,2025-01-01T00:00:00+00:00,2625.09,2625.52,2621.59,2623.69,1977,6
1735776000,2025-01-02T00:00:00+00:00,2623.69,2660.46,2622.67,2658.37,165469,4
1735862400,2025-01-03T00:00:00+00:00,2658.36,2665.28,2636.6,2639.73,132304,4
1736035200,2025-01-05T00:00:00+00:00,2639.69,2642.37,2639.6,2640.98,2553,4
1736121600,2025-01-06T00:00:00+00:00,2640.98,2649.48,2614.49,2634.54,182804,1
1736208000,2025-01-07T00:00:00+00:00,2634.54,2664.26,2632.88,2649.72,170652,4
1736294400,2025-01-08T00:00:00+00:00,2649.72,2669.98,2645.25,2662.56,155911,1
1736380800,2025-01-09T00:00:00+00:00,2662.56,2678.33,2655.51,2669.86,126808,4
1736467200,2025-01-10T00:00:00+00:00,2669.86,2697.95,2663.82,2689.13,197986,2
1736640000,2025-01-12T00:00:00+00:00,2689.3,2691.14,2687.33,2691.14,3752,4
1736726400,2025-01-13T00:00:00+00:00,2691.14,2693.32,2656.75,2667.86,196130,4
1736812800,2025-01-14T00:00:00+00:00,2667.86,2678.19,2659.83,2675.51,181069,2
1736899200,2025-01-15T00:00:00+00:00,2675.51,2697.82,2669.37,2694.75,187195,0
1736985600,2025-01-16T00:00:00+00:00,2694.75,2724.76,2689.87,2714.58,187248,0
1737072000,2025-01-17T00:00:00+00:00,2714.58,2717.37,2699.2,2702.16,179600,3
1737244800,2025-01-19T00:00:00+00:00,2701.13,2703.03,2691.14,2696.31,3837,4
1737331200,2025-01-20T00:00:00+00:00,2696.31,2713.79,2689.34,2708.92,178292,4
1737417600,2025-01-21T00:00:00+00:00,2710.37,2745.97,2702.69,2744.19,235912,2
1737504000,2025-01-22T00:00:00+00:00,2744.19,2763.38,2742.68,2755.37,189360,4
1737590400,2025-01-23T00:00:00+00:00,2755.29,2758.9,2735.82,2754.49,200368,4
1737676800,2025-01-24T00:00:00+00:00,2754.49,2785.91,2754.26,2771.51,207308,6
1737849600,2025-01-26T00:00:00+00:00,2765.68,2769.51,2764.46,2767.76,3059,6
1737936000,2025-01-27T00:00:00+00:00,2767.76,2772.56,2730.45,2741.69,247070,6
1738022400,2025-01-28T00:00:00+00:00,2741.69,2765.0,2734.84,2762.66,187783,12
1738108800,2025-01-29T00:00:00+00:00,2762.66,2766.3,2744.78,2760.31,213608,8
1738195200,2025-01-30T00:00:00+00:00,2760.31,2798.45,2758.78,2796.22,221316,12
1738281600,2025-01-31T00:00:00+00:00,2796.22,2817.16,2791.03,2799.45,236787,12
1738454400,2025-02-02T00:00:00+00:00,2801.64,2803.37,2784.28,2793.21,8738,12
1738540800,2025-02-03T00:00:00+00:00,2793.21,2830.57,2772.08,2813.82,270121,10
1738627200,2025-02-04T00:00:00+00:00,2813.82,2845.45,2807.11,2841.49,258964,10
1738713600,2025-02-05T00:00:00+00:00,2841.38,2882.3,2839.71,2869.29,251084,8
1738800000,2025-02-06T00:00:00+00:00,2869.29,2873.25,2834.11,2858.02,240104,8
1738886400,2025-02-07T00:00:00+00:00,2858.02,2886.75,2852.49,2860.99,219451,10
1739059200,2025-02-09T00:00:00+00:00,2861.49,2870.44,2860.13,2867.48,5780,10
1739145600,2025-02-10T00:00:00+00:00,2867.48,2921.6,2865.78,2917.84,236318,10
1739232000,2025-02-11T00:00:00+00:00,2917.84,2942.67,2881.73,2898.62,300223,10
1739318400,2025-02-12T00:00:00+00:00,2898.62,2909.26,2864.1,2905.74,248256,10
1739404800,2025-02-13T00:00:00+00:00,2905.73,2932.31,2901.45,2931.11,250507,10
1739491200,2025-02-14T00:00:00+00:00,2931.22,2940.04,2877.06,2883.03,176552,10
1739664000,2025-02-16T00:00:00+00:00,2893.52,2893.82,2878.84,2879.18,4599,10
1739750400,2025-02-17T00:00:00+00:00,2879.18,2906.32,2879.18,2899.29,103082,10
1739836800,2025-02-18T00:00:00+00:00,2899.29,2936.85,2891.99,2934.03,113784,10
1739923200,2025-02-19T00:00:00+00:00,2934.03,2947.03,2918.61,2935.44,131184,7
1740009600,2025-02-20T00:00:00+00:00,2935.5,2954.82,2924.08,2941.54,127159,12
1740096000,2025-02-21T00:00:00+00:00,2941.54,2949.75,2916.75,2937.45,123993,10
1740268800,2025-02-23T00:00:00+00:00,2939.58,2940.39,2936.53,2936.81,3379,12
1740355200,2025-02-24T00:00:00+00:00,2936.83,2956.18,2921.35,2950.04,131255,12
1740441600,2025-02-25T00:00:00+00:00,2950.04,2952.51,2889.36,2918.57,144708,12
1740528000,2025-02-26T00:00:00+00:00,2918.57,2930.14,2890.77,2919.23,123025,12
1740614400,2025-02-27T00:00:00+00:00,2919.23,2919.23,2867.68,2876.01,144716,11
1740700800,2025-02-28T00:00:00+00:00,2876.01,2885.08,2832.66,2857.81,138176,12
1740873600,2025-03-02T00:00:00+00:00,2873.08,2876.71,2864.48,2870.91,5291,12
1740960000,2025-03-03T00:00:00+00:00,2870.93,2895.19,2858.92,2890.86,129337,8
1741046400,2025-03-04T00:00:00+00:00,2890.86,2927.85,2881.86,2914.4,134608,12
1741132800,2025-03-05T00:00:00+00:00,2914.41,2929.84,2894.29,2918.33,145818,12
1741219200,2025-03-06T00:00:00+00:00,2918.33,2926.52,2891.26,2910.28,140121,12
1741305600,2025-03-07T00:00:00+00:00,2910.28,2930.3,2896.83,2911.31,142834,12
1741478400,2025-03-09T00:00:00+00:00,2912.28,2916.86,2909.64,2916.17,5739,12
1741564800,2025-03-10T00:00:00+00:00,2916.17,2918.31,2880.2,2884.74,144206,12
1741651200,2025-03-11T00:00:00+00:00,2884.74,2922.13,2880.51,2915.47,125655,12
1741737600,2025-03-12T00:00:00+00:00,2915.47,2940.52,2906.06,2938.04,133293,12
1741824000,2025-03-13T00:00:00+00:00,2938.01,2989.93,2932.89,2986.4,131051,12
1741910400,2025-03-14T00:00:00+00:00,2986.41,3004.93,2978.46,2987.95,125719,12
1742083200,2025-03-16T00:00:00+00:00,2987.6,2994.11,2986.09,2989.99,4607,12
1742169600,2025-03-17T00:00:00+00:00,2989.99,3002.79,2982.23,2999.7,106786,12
1742256000,2025-03-18T00:00:00+00:00,2999.7,3038.27,2999.32,3031.77,121730,5
1742342400,2025-03-19T00:00:00+00:00,3031.73,3051.95,3022.79,3049.99,119927,12
1742428800,2025-03-20T00:00:00+00:00,3050.03,3057.41,3025.71,3046.43,123021,12
1742515200,2025-03-21T00:00:00+00:00,3046.43,3047.42,2999.4,3023.05,113219,12
1742688000,2025-03-23T00:00:00+00:00,3023.39,3026.25,3022.3,3024.69,3608,12
1742774400,2025-03-24T00:00:00+00:00,3024.69,3033.32,3002.42,3009.85,122609,12
1742860800,2025-03-25T00:00:00+00:00,3009.85,3035.93,3007.52,3020.96,101911,12
1742947200,2025-03-26T00:00:00+00:00,3020.96,3032.05,3012.28,3021.65,107511,12
1743033600,2025-03-27T00:00:00+00:00,3021.65,3059.68,3021.63,3055.61,120005,12
1743120000,2025-03-28T00:00:00+00:00,3055.61,3086.77,3054.89,3083.24,111564,12
1743292800,2025-03-30T00:00:00+00:00,3092.48,3097.71,3087.92,3089.06,5818,12
1743379200,2025-03-31T00:00:00+00:00,3089.06,3127.92,3076.68,3120.45,126770,12
1743465600,2025-04-01T00:00:00+00:00,3120.45,3148.93,3100.8,3115.17,127482,12
1743552000,2025-04-02T00:00:00+00:00,3115.17,3167.58,3105.57,3162.68,130538,12
1743638400,2025-04-03T00:00:00+00:00,3162.7,3164.84,3054.29,3112.92,169083,12
1743724800,2025-04-04T00:00:00+00:00,3112.92,3136.55,3015.76,3035.94,166760,12
1743897600,2025-04-06T00:00:00+00:00,3028.79,3032.21,2977.27,2999.74,12148,12
1743984000,2025-04-07T00:00:00+00:00,2999.74,3055.39,2956.61,2981.22,184412,0
1744070400,2025-04-08T00:00:00+00:00,2981.31,3022.67,2970.13,2978.19,147352,12
1744156800,2025-04-09T00:00:00+00:00,2978.46,3099.56,2972.45,3086.76,222502,12
1744243200,2025-04-10T00:00:00+00:00,3086.77,3191.22,3078.41,3188.92,210136,12
1744329600,2025-04-11T00:00:00+00:00,3188.98,3245.35,3185.0,3236.14,221789,12
1744502400,2025-04-13T00:00:00+00:00,3222.01,3224.65,3213.63,3223.75,8845,12
1744588800,2025-04-14T00:00:00+00:00,3223.78,3245.71,3193.62,3212.61,169484,12
1744675200,2025-04-15T00:00:00+00:00,3212.61,3251.81,3209.99,3251.79,128077,12
1744761600,2025-04-16T00:00:00+00:00,3251.79,3357.72,3251.63,3350.08,194259,12
1744848000,2025-04-17T00:00:00+00:00,3350.05,3356.21,3284.05,3327.26,171863,12
1745107200,2025-04-20T00:00:00+00:00,3331.89,3352.97,3331.3,3348.13,10263,12
1745193600,2025-04-21T00:00:00+00:00,3348.13,3444.39,3347.48,3434.59,181147,12
1745280000,2025-04-22T00:00:00+00:00,3434.53,3499.94,3315.89,3336.65,243502,12
1745366400,2025-04-23T00:00:00+00:00,3336.65,3386.57,3260.12,3316.34,218189,12
1745452800,2025-04-24T00:00:00+00:00,3316.34,3370.68,3306.85,3348.76,182807,12
1745539200,2025-04-25T00:00:00+00:00,3348.76,3363.02,3265.14,3314.28,165194,12
1745712000,2025-04-27T00:00:00+00:00,3325.9,3330.05,3298.55,3302.68,10257,12
1745798400,2025-04-28T00:00:00+00:00,3302.66,3352.98,3268.09,3337.66,160872,12
1745884800,2025-04-29T00:00:00+00:00,3337.66,3339.92,3299.69,3317.05,142192,12
1745971200,2025-04-30T00:00:00+00:00,3317.05,3328.09,3267.04,3272.78,163294,12
1746057600,2025-05-01T00:00:00+00:00,3272.98,3276.34,3201.87,3237.29,161428,12
1746144000,2025-05-02T00:00:00+00:00,3237.29,3269.23,3222.83,3239.22,156062,12
1746316800,2025-05-04T00:00:00+00:00,3238.64,3252.29,3237.75,3248.03,7737,12
1746403200,2025-05-05T00:00:00+00:00,3248.03,3337.8,3241.09,3334.04,148376,12
1746489600,2025-05-06T00:00:00+00:00,3334.04,3434.87,3323.42,3400.67,197199,12
1746576000,2025-05-07T00:00:00+00:00,3400.73,3401.52,3360.06,3376.33,173062,12
1746662400,2025-05-08T00:00:00+00:00,3376.4,3414.75,3288.69,3316.32,190673,12
1746748800,2025-05-09T00:00:00+00:00,3316.32,3347.5,3274.71,3328.91,152321,12
1746921600,2025-05-11T00:00:00+00:00,3287.97,3292.39,3265.87,3287.5,12368,17
1747008000,2025-05-12T00:00:00+00:00,3287.56,3289.92,3207.73,3236.84,191946,17
1747094400,2025-05-13T00:00:00+00:00,3236.84,3265.38,3215.84,3254.28,151965,17
1747180800,2025-05-14T00:00:00+00:00,3254.28,3254.56,3167.98,3186.11,185585,17
1747267200,2025-05-15T00:00:00+00:00,3186.06,3252.07,3120.7,3237.11,186885,17
1747353600,2025-05-16T00:00:00+00:00,3237.11,3244.4,3154.2,3198.85,160956,17
1747526400,2025-05-18T00:00:00+00:00,3216.17,3245.28,3211.98,3234.8,12813,17
1747612800,2025-05-19T00:00:00+00:00,3234.8,3249.75,3207.0,3222.44,131255,17
1747699200,2025-05-20T00:00:00+00:00,3222.44,3304.08,3204.6,3290.67,146431,17
1747785600,2025-05-21T00:00:00+00:00,3290.63,3324.84,3285.56,3320.08,152683,17
1747872000,2025-05-22T00:00:00+00:00,3320.08,3345.42,3279.53,3300.04,173168,17
1747958400,2025-05-23T00:00:00+00:00,3300.13,3365.94,3287.01,3357.98,159896,17
1748131200,2025-05-25T00:00:00+00:00,3351.76,3352.4,3341.32,3342.64,7940,17
1748217600,2025-05-26T00:00:00+00:00,3342.64,3356.76,3323.65,3346.14,88223,17
1748304000,2025-05-27T00:00:00+00:00,3346.14,3349.9,3285.83,3309.35,155145,17
1748390400,2025-05-28T00:00:00+00:00,3309.35,3325.45,3250.17,3259.72,147286,17
1748476800,2025-05-29T00:00:00+00:00,3259.73,3331.09,3245.51,3315.58,162054,13
1748563200,2025-05-30T00:00:00+00:00,3315.58,3322.73,3271.58,3291.92,147078,13
1748736000,2025-06-01T00:00:00+00:00,3303.13,3316.66,3300.07,3310.18,8778,17
1748822400,2025-06-02T00:00:00+00:00,3310.18,3392.1,3301.46,3387.41,165251,13
1748908800,2025-06-03T00:00:00+00:00,3387.41,3388.65,3333.12,3359.88,157943,13
1748995200,2025-06-04T00:00:00+00:00,3359.88,3384.68,3343.71,3378.1,148698,13
1749081600,2025-06-05T00:00:00+00:00,3378.1,3403.48,3339.6,3361.83,169088,13
1749168000,2025-06-06T00:00:00+00:00,3361.83,3375.58,3307.1,3310.92,147390,13
1749340800,2025-06-08T00:00:00+00:00,3317.86,3321.16,3309.13,3318.01,6893,17
1749427200,2025-06-09T00:00:00+00:00,3318.01,3338.19,3293.61,3326.74,131107,13
1749513600,2025-06-10T00:00:00+00:00,3326.77,3349.11,3301.81,3327.96,139553,13
1749600000,2025-06-11T00:00:00+00:00,3327.97,3373.37,3319.25,3365.5,148897,13
1749686400,2025-06-12T00:00:00+00:00,3365.43,3398.88,3338.54,3395.82,165765,13
1749772800,2025-06-13T00:00:00+00:00,3395.73,3446.76,3391.72,3433.97,175589,13
1749945600,2025-06-15T00:00:00+00:00,3441.1,3451.09,3438.58,3444.16,10309,17
1750032000,2025-06-16T00:00:00+00:00,3444.16,3451.23,3382.8,3402.83,145024,13
1750118400,2025-06-17T00:00:00+00:00,3402.83,3403.23,3366.17,3387.35,144744,13
1750204800,2025-06-18T00:00:00+00:00,3387.2,3399.97,3362.56,3375.05,144457,13
1750291200,2025-06-19T00:00:00+00:00,3375.05,3387.93,3347.63,3368.77,111045,13
1750377600,2025-06-20T00:00:00+00:00,3368.77,3374.46,3340.4,3368.04,122246,13
1750550400,2025-06-22T00:00:00+00:00,3383.61,3388.92,3371.29,3372.73,10606,17
1750636800,2025-06-23T00:00:00+00:00,3372.73,3393.5,3342.64,3344.17,150662,13
1750723200,2025-06-24T00:00:00+00:00,3344.24,3357.82,3295.49,3324.17,157125,12
1750809600,2025-06-25T00:00:00+00:00,3324.17,3340.21,3311.98,3339.02,139788,7
1750896000,2025-06-26T00:00:00+00:00,3339.02,3350.34,3309.95,3318.77,154448,7
1750982400,2025-06-27T00:00:00+00:00,3318.77,3322.05,3256.06,3273.46,173210,7
1751155200,2025-06-29T00:00:00+00:00,3272.35,3274.2,3247.87,3263.91,12518,12
1751241600,2025-06-30T00:00:00+00:00,3263.83,3314.6,3259.47,3312.5,144152,7
1751328000,2025-07-01T00:00:00+00:00,3312.5,3358.06,3309.92,3338.15,158214,7
1751414400,2025-07-02T00:00:00+00:00,3338.15,3365.71,3327.58,3349.34,143638,7
1751500800,2025-07-03T00:00:00+00:00,3349.34,3363.73,3311.67,3330.84,135726,7
1751587200,2025-07-04T00:00:00+00:00,3330.84,3345.13,3325.88,3337.01,88070,7
1751760000,2025-07-06T00:00:00+00:00,3341.41,3341.97,3326.3,3328.92,7123,12
1751846400,2025-07-07T00:00:00+00:00,3328.92,3345.81,3296.43,3334.6,167436,7
1751932800,2025-07-08T00:00:00+00:00,3334.6,3339.49,3287.19,3302.31,158481,7
1752019200,2025-07-09T00:00:00+00:00,3302.33,3321.12,3282.72,3317.63,147071,7
1752105600,2025-07-10T00:00:00+00:00,3317.66,3330.3,3310.18,3323.83,125835,7
1752192000,2025-07-11T00:00:00+00:00,3323.83,3368.68,3323.61,3357.92,162565,7
1752364800,2025-07-13T00:00:00+00:00,3361.18,3374.03,3359.82,3367.77,10620,12
1752451200,2025-07-14T00:00:00+00:00,3367.76,3375.0,3341.04,3345.32,152289,12
1752537600,2025-07-15T00:00:00+00:00,3345.33,3366.36,3320.24,3331.06,143765,12
1752624000,2025-07-16T00:00:00+00:00,3331.06,3377.31,3319.65,3346.52,155662,12
1752710400,2025-07-17T00:00:00+00:00,3346.52,3347.36,3309.83,3340.26,141440,12
1752796800,2025-07-18T00:00:00+00:00,3340.31,3361.25,3331.85,3351.13,126183,12
1752969600,2025-07-20T00:00:00+00:00,3348.8,3350.07,3345.03,3349.13,5208,12
1753056000,2025-07-21T00:00:00+00:00,3349.13,3402.72,3347.68,3396.49,143670,12
1753142400,2025-07-22T00:00:00+00:00,3396.49,3433.46,3383.32,3427.45,150073,12
1753228800,2025-07-23T00:00:00+00:00,3427.43,3438.99,3381.51,3390.06,172394,12
1753315200,2025-07-24T00:00:00+00:00,3390.06,3393.38,3351.42,3369.45,157501,12
1753401600,2025-07-25T00:00:00+00:00,3369.45,3373.48,3325.08,3338.81,131270,12
1753574400,2025-07-27T00:00:00+00:00,3329.36,3337.36,3324.1,3333.64,9834,12
1753660800,2025-07-28T00:00:00+00:00,3333.64,3345.36,3301.81,3312.64,146489,12
1753747200,2025-07-29T00:00:00+00:00,3312.64,3334.1,3308.08,3327.6,152386,12
1753833600,2025-07-30T00:00:00+00:00,3327.59,3334.01,3268.07,3285.31,161761,12
1753920000,2025-07-31T00:00:00+00:00,3285.31,3314.85,3282.83,3288.57,154781,12
1754006400,2025-08-01T00:00:00+00:00,3288.57,3362.74,3281.65,3362.64,168749,12
1754179200,2025-08-03T00:00:00+00:00,3364.21,3364.59,3354.6,3362.0,7988,12
1754265600,2025-08-04T00:00:00+00:00,3362.0,3385.4,3345.06,3377.45,145084,12
1754352000,2025-08-05T00:00:00+00:00,3377.45,3390.43,3349.87,3383.27,135426,12
1754438400,2025-08-06T00:00:00+00:00,3383.23,3385.31,3358.24,3370.2,131894,12
1754524800,2025-08-07T00:00:00+00:00,3370.21,3409.02,3365.25,3400.57,207528,9
1754611200,2025-08-08T00:00:00+00:00,3400.57,3404.28,3378.69,3398.2,270733,12
1754784000,2025-08-10T00:00:00+00:00,3400.55,3401.9,3390.14,3391.5,6614,12
1754870400,2025-08-11T00:00:00+00:00,3391.5,3391.65,3341.23,3349.04,189843,12
1754956800,2025-08-12T00:00:00+00:00,3349.04,3359.31,3331.13,3350.59,162789,12
1755043200,2025-08-13T00:00:00+00:00,3350.59,3370.77,3342.71,3362.78,137469,12
1755129600,2025-08-14T00:00:00+00:00,3362.78,3374.77,3329.86,3335.57,165589,12
1755216000,2025-08-15T00:00:00+00:00,3335.57,3348.76,3332.42,3336.37,124335,12
1755388800,2025-08-17T00:00:00+00:00,3334.64,3335.36,3323.58,3327.08,6177,12
1755475200,2025-08-18T00:00:00+00:00,3327.08,3358.44,3326.8,3330.96,123567,12
1755561600,2025-08-19T00:00:00+00:00,3330.96,3345.32,3312.92,3314.26,128136,12
1755648000,2025-08-20T00:00:00+00:00,3314.26,3352.16,3311.54,3346.95,126788,12
1755734400,2025-08-21T00:00:00+00:00,3346.95,3348.15,3325.19,3338.38,124629,12
1755820800,2025-08-22T00:00:00+00:00,3338.38,3378.83,3321.47,3371.8,130286,7
1755993600,2025-08-24T00:00:00+00:00,3368.66,3371.07,3365.96,3369.11,4954,12
1756080000,2025-08-25T00:00:00+00:00,3369.11,3376.29,3351.67,3354.89,103809,12
1756166400,2025-08-26T00:00:00+00:00,3354.89,3394.38,3351.37,3390.94,147175,12
1756252800,2025-08-27T00:00:00+00:00,3390.9,3399.32,3373.8,3395.74,135375,12
1756339200,2025-08-28T00:00:00+00:00,3395.74,3423.08,3384.61,3414.79,148925,12
1756425600,2025-08-29T00:00:00+00:00,3414.78,3453.89,3404.33,3449.3,151906,12
1756598400,2025-08-31T00:00:00+00:00,3445.84,3452.7,3442.43,3447.94,6730,12
1756684800,2025-09-01T00:00:00+00:00,3447.94,3489.86,3437.07,3479.29,144210,12
1756771200,2025-09-02T00:00:00+00:00,3479.29,3539.99,3470.14,3530.02,221837,12
1756857600,2025-09-03T00:00:00+00:00,3530.02,3578.39,3526.87,3560.39,199881,12
1756944000,2025-09-04T00:00:00+00:00,3560.39,3563.41,3511.41,3552.67,192917,12
1757030400,2025-09-05T00:00:00+00:00,3552.67,3600.1,3544.85,3589.91,190665,12
1757203200,2025-09-07T00:00:00+00:00,3592.0,3596.83,3587.15,3591.23,15019,12
1757289600,2025-09-08T00:00:00+00:00,3591.23,3646.35,3579.65,3634.95,194483,12
1757376000,2025-09-09T00:00:00+00:00,3634.95,3674.71,3623.11,3633.58,207301,12
1757462400,2025-09-10T00:00:00+00:00,3633.58,3657.5,3620.41,3644.92,171781,12
1757548800,2025-09-11T00:00:00+00:00,3644.92,3649.19,3613.94,3631.84,172338,12
1757635200,2025-09-12T00:00:00+00:00,3631.84,3656.63,3630.49,3642.32,154458,12
1757808000,2025-09-14T00:00:00+00:00,3644.56,3645.92,3636.86,3638.18,5694,12
1757894400,2025-09-15T00:00:00+00:00,3638.17,3685.54,3626.69,3676.92,164879,12
1757980800,2025-09-16T00:00:00+00:00,3676.92,3703.01,3674.78,3694.26,173467,12
1758067200,2025-09-17T00:00:00+00:00,3694.26,3707.48,3646.19,3669.13,200909,12
1758153600,2025-09-18T00:00:00+00:00,3669.13,3672.97,3627.96,3640.21,193377,12
1758240000,2025-09-19T00:00:00+00:00,3640.21,3685.2,3632.37,3684.64,178388,12
1758412800,2025-09-21T00:00:00+00:00,3687.97,3692.12,3683.73,3686.34,7884,12
1758499200,2025-09-22T00:00:00+00:00,3686.31,3749.15,3685.57,3747.74,188915,12
1758585600,2025-09-23T00:00:00+00:00,3747.79,3791.13,3736.78,3763.83,216731,12
1758672000,2025-09-24T00:00:00+00:00,3763.84,3779.26,3717.52,3743.04,191266,12
1758758400,2025-09-25T00:00:00+00:00,3743.04,3761.6,3722.14,3744.71,207710,12
1758844800,2025-09-26T00:00:00+00:00,3744.71,3783.79,3734.47,3762.66,183558,12
1759017600,2025-09-28T00:00:00+00:00,3764.85,3772.49,3763.52,3766.9,9023,12
1759104000,2025-09-29T00:00:00+00:00,3766.83,3834.21,3763.93,3832.88,228318,12
1759190400,2025-09-30T00:00:00+00:00,3832.88,3871.7,3793.18,3862.88,233364,12
1759276800,2025-10-01T00:00:00+00:00,3862.9,3895.29,3853.44,3863.5,221399,12
1759363200,2025-10-02T00:00:00+00:00,3863.49,3896.85,3819.41,3862.45,200175,12
1759449600,2025-10-03T00:00:00+00:00,3862.45,3891.67,3838.04,3884.91,186842,12
1759622400,2025-10-05T00:00:00+00:00,3888.61,3920.58,3884.32,3909.65,16980,12
1759708800,2025-10-06T00:00:00+00:00,3909.66,3976.19,3899.0,3969.5,239275,12
1759795200,2025-10-07T00:00:00+00:00,3969.5,3995.97,3940.92,3994.37,237197,12
1759881600,2025-10-08T00:00:00+00:00,3994.37,4059.19,3984.47,4011.71,250595,12
1759968000,2025-10-09T00:00:00+00:00,4011.71,4057.9,3944.81,3989.86,276314,12
1760054400,2025-10-10T00:00:00+00:00,3989.86,4022.41,3947.03,4012.99,275925,12
1760227200,2025-10-12T00:00:00+00:00,4012.81,4059.92,4008.77,4035.15,18323,12
1760313600,2025-10-13T00:00:00+00:00,4035.15,4131.96,4024.6,4128.0,244503,12
1760400000,2025-10-14T00:00:00+00:00,4127.99,4179.72,4090.56,4161.65,294084,12
1760486400,2025-10-15T00:00:00+00:00,4161.6,4218.21,4153.9,4209.48,252783,12
1760572800,2025-10-16T00:00:00+00:00,4209.48,4379.25,4203.63,4365.75,279436,12
1760659200,2025-10-17T00:00:00+00:00,4365.67,4378.62,4186.55,4247.38,316991,12
1760832000,2025-10-19T00:00:00+00:00,4264.81,4268.03,4234.22,4237.98,17945,12
1760918400,2025-10-20T00:00:00+00:00,4237.98,4381.45,4219.02,4360.3,284736,12
1761004800,2025-10-21T00:00:00+00:00,4360.33,4372.26,4085.36,4093.1,316285,12
1761091200,2025-10-22T00:00:00+00:00,4093.1,4161.38,4004.42,4087.77,319539,12
1761177600,2025-10-23T00:00:00+00:00,4087.68,4154.68,4066.14,4121.49,258650,12
1761264000,2025-10-24T00:00:00+00:00,4121.67,4144.5,4044.53,4109.1,235967,12
1761436800,2025-10-26T00:00:00+00:00,4083.58,4109.11,4061.91,4064.55,19197,12
1761523200,2025-10-27T00:00:00+00:00,4064.56,4097.7,3971.52,3998.53,269964,8
1761609600,2025-10-28T00:00:00+00:00,3998.51,4019.74,3886.56,3964.96,265034,8
1761696000,2025-10-29T00:00:00+00:00,3964.96,4030.1,3917.32,3952.89,271085,8
1761782400,2025-10-30T00:00:00+00:00,3952.89,4046.36,3915.52,4036.6,287703,8
1761868800,2025-10-31T00:00:00+00:00,4036.6,4039.35,3972.46,4003.8,248740,8
1762041600,2025-11-02T00:00:00+00:00,3995.57,3999.04,3977.99,3980.57,6891,8
1762128000,2025-11-03T00:00:00+00:00,3979.64,4030.62,3962.7,3997.29,239375,8
1762214400,2025-11-04T00:00:00+00:00,3997.29,4000.7,3928.78,3934.72,236389,8
1762300800,2025-11-05T00:00:00+00:00,3934.76,3990.41,3929.81,3973.76,198111,8
1762387200,2025-11-06T00:00:00+00:00,3973.76,4019.53,3964.65,3989.23,209752,8
1762473600,2025-11-07T00:00:00+00:00,3989.23,4027.48,3984.12,4000.26,187345,8
1762646400,2025-11-09T00:00:00+00:00,4006.48,4012.24,4004.37,4011.88,4862,8
1762732800,2025-11-10T00:00:00+00:00,4011.88,4122.82,4011.18,4120.0,213828,8
1762819200,2025-11-11T00:00:00+00:00,4120.0,4149.05,4097.12,4142.68,207369,8
1762905600,2025-11-12T00:00:00+00:00,4142.65,4211.81,4098.88,4191.16,252761,8
1762992000,2025-11-13T00:00:00+00:00,4191.16,4245.13,4145.44,4185.92,278610,8
1763078400,2025-11-14T00:00:00+00:00,4186.02,4211.28,4032.21,4080.55,278294,8
1763251200,2025-11-16T00:00:00+00:00,4078.0,4106.7,4077.18,4096.41,7674,8
1763337600,2025-11-17T00:00:00+00:00,4096.41,4101.94,4006.97,4036.78,252771,8
1763424000,2025-11-18T00:00:00+00:00,4036.78,4082.42,3998.0,4076.83,250076,8
1763510400,2025-11-19T00:00:00+00:00,4076.79,4132.86,4055.59,4104.51,252186,0
1763596800,2025-11-20T00:00:00+00:00,4104.53,4110.22,4038.95,4078.9,271478,0
1763683200,2025-11-21T00:00:00+00:00,4079.19,4101.14,4024.22,4065.09,272458,0
1763856000,2025-11-23T00:00:00+00:00,4067.51,4077.73,4065.8,4075.12,6200,0
1763942400,2025-11-24T00:00:00+00:00,4075.12,4144.24,4040.08,4143.8,224306,0
1764028800,2025-11-25T00:00:00+00:00,4143.8,4159.29,4109.62,4133.81,228776,8
1764115200,2025-11-26T00:00:00+00:00,4133.81,4173.43,4132.76,4164.62,204056,8
1764201600,2025-11-27T00:00:00+00:00,4164.78,4167.24,4142.62,4163.29,138281,8
1764288000,2025-11-28T00:00:00+00:00,4163.28,4226.69,4157.7,4219.34,118339,0
1764460800,2025-11-30T00:00:00+00:00,4225.87,4226.29,4206.43,4222.05,9688,8
1764547200,2025-12-01T00:00:00+00:00,4221.9,4264.53,4215.55,4227.52,271003,8
1764633600,2025-12-02T00:00:00+00:00,4227.59,4230.74,4163.9,4212.74,235412,8
1764720000,2025-12-03T00:00:00+00:00,4212.74,4241.52,4194.67,4207.34,233151,8
1764806400,2025-12-04T00:00:00+00:00,4207.34,4219.34,4174.94,4206.15,238953,8
1764892800,2025-12-05T00:00:00+00:00,4206.15,4259.25,4192.04,4194.51,217550,8
1765065600,2025-12-07T00:00:00+00:00,4203.25,4205.02,4196.32,4201.46,2661,8
1765152000,2025-12-08T00:00:00+00:00,4201.46,4219.03,4176.19,4194.77,211897,8
1765238400,2025-12-09T00:00:00+00:00,4194.77,4221.31,4170.1,4210.82,229855,8
1765324800,2025-12-10T00:00:00+00:00,4210.82,4238.73,4182.03,4232.44,225446,8
1765411200,2025-12-11T00:00:00+00:00,4232.44,4285.91,4204.41,4276.45,234172,8
1765497600,2025-12-12T00:00:00+00:00,4276.45,4353.55,4257.92,4301.53,250188,8
1765670400,2025-12-14T00:00:00+00:00,4303.38,4308.52,4301.62,4302.55,5988,8
1765756800,2025-12-15T00:00:00+00:00,4302.55,4350.25,4285.35,4304.2,230683,8
1765843200,2025-12-16T00:00:00+00:00,4304.2,4335.03,4271.67,4307.81,238424,8
1765929600,2025-12-17T00:00:00+00:00,4307.76,4348.94,4306.83,4339.1,241216,8
1766016000,2025-12-18T00:00:00+00:00,4339.11,4374.62,4308.86,4335.19,239589,8
1766102400,2025-12-19T00:00:00+00:00,4335.19,4356.47,4309.27,4338.19,187620,8
1766275200,2025-12-21T00:00:00+00:00,4340.8,4356.17,4340.08,4355.3,4322,10
1766361600,2025-12-22T00:00:00+00:00,4355.3,4461.65,4355.24,4460.09,174360,10
1766448000,2025-12-23T00:00:00+00:00,4460.04,4510.29,4430.65,4503.39,207015,10
1766534400,2025-12-24T00:00:00+00:00,4503.39,4525.91,4448.83,4479.2,188173,10
1766620800,2025-12-25T00:00:00+00:00,4465.37,4500.07,4461.29,4495.21,5624,10
1766707200,2025-12-26T00:00:00+00:00,4495.14,4550.04,4492.28,4532.34,222307,10
1766880000,2025-12-28T00:00:00+00:00,4541.79,4546.32,4523.4,4527.13,10004,10
1766966400,2025-12-29T00:00:00+00:00,4527.13,4528.17,4304.06,4345.81,256595,10
1767052800,2025-12-30T00:00:00+00:00,4345.73,4404.47,4324.52,4339.06,245668,10
1767139200,2025-12-31T00:00:00+00:00,4339.12,4373.69,4273.94,4319.0,229215,10
1767225600,2026-01-01T00:00:00+00:00,4328.86,4351.32,4324.44,4348.29,4516,10
1767312000,2026-01-02T00:00:00+00:00,4348.28,4402.36,4310.01,4328.59,210326,10
1767484800,2026-01-04T00:00:00+00:00,4356.71,4375.8,4349.79,4372.52,7660,10
1767571200,2026-01-05T00:00:00+00:00,4372.52,4460.14,4370.31,4440.55,241284,10
1767657600,2026-01-06T00:00:00+00:00,4440.55,4500.47,4428.05,4493.41,226742,10
1767744000,2026-01-07T00:00:00+00:00,4493.68,4495.87,4423.56,4463.48,233708,10
1767830400,2026-01-08T00:00:00+00:00,4463.48,4483.97,4407.94,4475.63,243765,10
1767916800,2026-01-09T00:00:00+00:00,4475.61,4517.09,4452.94,4510.45,201891,10
1768089600,2026-01-11T00:00:00+00:00,4521.42,4545.06,4521.2,4540.13,6732,10
1768176000,2026-01-12T00:00:00+00:00,4540.1,4630.15,4536.38,4599.43,244896,10
1768262400,2026-01-13T00:00:00+00:00,4599.72,4634.57,4570.45,4597.08,221271,10
1768348800,2026-01-14T00:00:00+00:00,4597.08,4642.9,4597.08,4615.37,243536,10
1768435200,2026-01-15T00:00:00+00:00,4615.37,4624.82,4581.16,4610.31,238819,10
1768521600,2026-01-16T00:00:00+00:00,4610.23,4620.19,4537.53,4594.58,212617,13
1768694400,2026-01-18T00:00:00+00:00,4648.93,4690.69,4647.14,4672.73,11047,13
1768780800,2026-01-19T00:00:00+00:00,4672.71,4681.94,4653.23,4665.37,151443,13
1768867200,2026-01-20T00:00:00+00:00,4665.37,4781.19,4659.61,4775.88,228188,13
1768953600,2026-01-21T00:00:00+00:00,4775.88,4888.59,4756.36,4778.35,270944,13
1769040000,2026-01-22T00:00:00+00:00,4778.3,4960.64,4772.54,4959.11,232544,13
1769126400,2026-01-23T00:00:00+00:00,4959.11,4989.93,4899.78,4982.47,212486,14
1769299200,2026-01-25T00:00:00+00:00,5014.32,5040.16,5003.69,5039.76,10902,14
1769385600,2026-01-26T00:00:00+00:00,5039.82,5111.28,4990.03,5043.75,313816,14
1769472000,2026-01-27T00:00:00+00:00,5043.73,5190.29,5013.85,5172.31,298540,14
1769558400,2026-01-28T00:00:00+00:00,5172.31,5596.24,5157.42,5512.84,317320,14
1769644800,2026-01-29T00:00:00+00:00,5512.79,5595.51,5099.28,5438.54,334213,14
1769731200,2026-01-30T00:00:00+00:00,5438.4,5450.96,4617.63,4860.15,307293,14
1769904000,2026-02-01T00:00:00+00:00,4827.05,4827.05,4692.46,4740.29,8484,28
1769990400,2026-02-02T00:00:00+00:00,4742.32,4884.77,4403.37,4774.49,312142,14
1770076800,2026-02-03T00:00:00+00:00,4774.49,4993.66,4745.76,4947.65,301276,15
1770163200,2026-02-04T00:00:00+00:00,4947.65,5091.77,4856.15,5012.46,258724,14
1770249600,2026-02-05T00:00:00+00:00,5012.54,5020.37,4703.5,4703.84,306743,14
1770336000,2026-02-06T00:00:00+00:00,4703.82,4971.27,4654.86,4960.24,228175,14
1770508800,2026-02-08T00:00:00+00:00,4988.0,5046.75,4965.04,5036.0,9777,28
1770595200,2026-02-09T00:00:00+00:00,5036.0,5086.02,4969.67,5031.78,216582,15
1770681600,2026-02-10T00:00:00+00:00,5031.78,5078.6,4999.06,5041.77,203205,15
1770768000,2026-02-11T00:00:00+00:00,5041.77,5119.52,5021.69,5061.2,203396,14
1770854400,2026-02-12T00:00:00+00:00,5061.31,5083.63,4878.56,4920.48,204899,15
1770940800,2026-02-13T00:00:00+00:00,4920.47,5046.23,4914.07,5038.98,199422,14
1771113600,2026-02-15T00:00:00+00:00,5015.16,5031.79,5007.28,5020.15,6844,28
1771200000,2026-02-16T00:00:00+00:00,5020.15,5031.45,4966.33,4989.76,111579,14
1771286400,2026-02-17T00:00:00+00:00,4989.76,4991.4,4843.77,4859.56,188823,14
1771372800,2026-02-18T00:00:00+00:00,4859.54,5010.97,4858.5,4976.07,157937,14
1771459200,2026-02-19T00:00:00+00:00,4976.07,5022.23,4960.47,4987.64,155417,14
1771545600,2026-02-20T00:00:00+00:00,4987.66,5100.12,4981.7,5099.53,169739,14
1771718400,2026-02-22T00:00:00+00:00,5117.53,5171.74,5117.53,5165.3,8603,58
1771804800,2026-02-23T00:00:00+00:00,5165.3,5249.83,5122.5,5235.73,191763,14
1771891200,2026-02-24T00:00:00+00:00,5235.73,5238.09,5094.01,5146.66,194757,14
1771977600,2026-02-25T00:00:00+00:00,5146.66,5217.65,5137.24,5163.32,185952,14
1772064000,2026-02-26T00:00:00+00:00,5163.32,5205.33,5130.95,5183.9,192414,14
1772150400,2026-02-27T00:00:00+00:00,5184.83,5276.08,5167.12,5274.48,184192,14
1772323200,2026-03-01T00:00:00+00:00,5353.57,5390.44,5311.39,5386.97,13271,58
1772409600,2026-03-02T00:00:00+00:00,5386.97,5419.24,5261.31,5345.82,248980,15
1772496000,2026-03-03T00:00:00+00:00,5345.82,5380.04,4997.46,5125.3,260273,15
1772582400,2026-03-04T00:00:00+00:00,5125.3,5206.21,5105.83,5165.2,188881,15
1772668800,2026-03-05T00:00:00+00:00,5165.2,5194.88,5051.79,5086.13,182249,15
1772755200,2026-03-06T00:00:00+00:00,5086.13,5174.62,5062.92,5170.28,172849,14
1772928000,2026-03-08T00:00:00+00:00,5165.68,5168.91,5044.41,5075.77,15162,15
1773014400,2026-03-09T00:00:00+00:00,5075.78,5156.11,5015.04,5139.71,187886,14
1773100800,2026-03-10T00:00:00+00:00,5139.53,5238.76,5125.09,5197.41,173647,14
1773187200,2026-03-11T00:00:00+00:00,5197.41,5223.1,5129.85,5134.26,155316,14
1773273600,2026-03-12T00:00:00+00:00,5134.3,5191.6,5055.25,5098.04,166841,14
1773360000,2026-03-13T00:00:00+00:00,5098.04,5128.67,5009.76,5024.84,162040,14
1773532800,2026-03-15T00:00:00+00:00,5015.47,5030.54,4967.77,4997.59,15181,15
1773619200,2026-03-16T00:00:00+00:00,4997.52,5037.72,4970.32,5012.93,169858,14
1773705600,2026-03-17T00:00:00+00:00,5012.94,5044.63,4974.93,5002.93,147019,14
1773792000,2026-03-18T00:00:00+00:00,5002.93,5016.42,4805.5,4836.99,172924,14
1773878400,2026-03-19T00:00:00+00:00,4836.96,4867.16,4502.66,4643.82,206876,14
1773964800,2026-03-20T00:00:00+00:00,4643.64,4736.05,4478.79,4503.35,194995,14
1774137600,2026-03-22T00:00:00+00:00,4476.04,4534.7,4452.96,4464.63,15827,15
1774224000,2026-03-23T00:00:00+00:00,4464.63,4512.89,4099.17,4441.25,230259,14
1774310400,2026-03-24T00:00:00+00:00,4441.18,4550.66,4306.06,4546.91,239841,14
1774396800,2026-03-25T00:00:00+00:00,4546.95,4602.31,4487.01,4498.35,197715,14
1774483200,2026-03-26T00:00:00+00:00,4498.35,4544.45,4351.28,4404.93,203345,14
1774569600,2026-03-27T00:00:00+00:00,4404.93,4554.82,4376.03,4505.6,170158,15
1774742400,2026-03-29T00:00:00+00:00,4512.04,4512.74,4443.98,4448.39,14091,15
1774828800,2026-03-30T00:00:00+00:00,4448.96,4580.54,4420.28,4513.88,199918,14
1774915200,2026-03-31T00:00:00+00:00,4513.88,4700.16,4482.73,4696.51,208709,14
1775001600,2026-04-01T00:00:00+00:00,4695.72,4800.32,4666.98,4784.12,192871,14
1775088000,2026-04-02T00:00:00+00:00,4784.12,4798.72,4554.11,4676.17,195946,14
1775347200,2026-04-05T00:00:00+00:00,4637.39,4651.13,4605.58,4610.65,13725,15
1775433600,2026-04-06T00:00:00+00:00,4610.68,4706.62,4601.16,4658.88,165497,14
1775520000,2026-04-07T00:00:00+00:00,4658.88,4836.35,4607.69,4833.35,212171,14
1775606400,2026-04-08T00:00:00+00:00,4833.34,4854.71,4700.02,4715.9,190795,14
1775692800,2026-04-09T00:00:00+00:00,4715.93,4801.01,4698.65,4763.71,173611,14
1775779200,2026-04-10T00:00:00+00:00,4763.71,4795.06,4731.0,4751.1,154055,14
1775952000,2026-04-12T00:00:00+00:00,4670.52,4685.01,4644.3,4671.56,15066,15
1776038400,2026-04-13T00:00:00+00:00,4671.41,4765.73,4664.64,4757.59,170439,14
1776124800,2026-04-14T00:00:00+00:00,4757.59,4850.51,4751.59,4837.29,165066,14
1776211200,2026-04-15T00:00:00+00:00,4837.28,4871.28,4787.0,4823.55,170469,14
1776297600,2026-04-16T00:00:00+00:00,4823.55,4838.33,4773.17,4791.9,165147,14
1776384000,2026-04-17T00:00:00+00:00,4791.69,4888.86,4767.99,4835.51,159263,14
1776556800,2026-04-19T00:00:00+00:00,4774.6,4794.64,4737.08,4755.19,13637,15
1776643200,2026-04-20T00:00:00+00:00,4755.3,4833.16,4744.88,4821.77,168488,14
1776729600,2026-04-21T00:00:00+00:00,4822.32,4830.57,4668.66,4737.92,183354,14
1776816000,2026-04-22T00:00:00+00:00,4738.14,4772.15,4723.46,4727.71,157649,14
1776902400,2026-04-23T00:00:00+00:00,4727.69,4752.64,4664.42,4695.45,195671,14
1776988800,2026-04-24T00:00:00+00:00,4695.47,4740.45,4657.85,4707.33,170766,14
1777161600,2026-04-26T00:00:00+00:00,4697.1,4697.1,4675.1,4680.02,9687,15
1777248000,2026-04-27T00:00:00+00:00,4680.0,4729.9,4667.25,4691.82,158113,14
1777334400,2026-04-28T00:00:00+00:00,4691.82,4701.05,4555.09,4595.51,182767,14
1777420800,2026-04-29T00:00:00+00:00,4595.49,4610.02,4510.24,4561.7,189324,14
1777507200,2026-04-30T00:00:00+00:00,4561.86,4647.13,4540.85,4626.66,184157,14
1777593600,2026-05-01T00:00:00+00:00,4626.64,4660.28,4560.41,4613.56,148703,14
1777766400,2026-05-03T00:00:00+00:00,4625.48,4629.25,4611.27,4613.84,8737,15
1777852800,2026-05-04T00:00:00+00:00,4613.84,4618.62,4502.22,4519.06,176650,14
1777939200,2026-05-05T00:00:00+00:00,4519.44,4595.69,4513.61,4593.92,144297,14
1778025600,2026-05-06T00:00:00+00:00,4593.97,4723.06,4588.29,4698.97,174259,14
1778112000,2026-05-07T00:00:00+00:00,4698.97,4764.77,4682.01,4704.52,188346,14
1778198400,2026-05-08T00:00:00+00:00,4704.38,4749.33,4693.98,4716.14,154266,14
1778371200,2026-05-10T00:00:00+00:00,4686.78,4698.58,4679.79,4691.78,10270,15
1778457600,2026-05-11T00:00:00+00:00,4691.69,4769.61,4648.14,4767.48,180161,14
1778544000,2026-05-12T00:00:00+00:00,4767.42,4773.57,4638.73,4716.98,192685,14
1778630400,2026-05-13T00:00:00+00:00,4717.12,4726.8,4669.53,4696.63,179589,14
1778716800,2026-05-14T00:00:00+00:00,4696.6,4718.54,4644.33,4652.21,192206,14
1778803200,2026-05-15T00:00:00+00:00,4652.22,4658.02,4511.95,4540.24,205801,14
1778976000,2026-05-17T00:00:00+00:00,4545.26,4554.58,4532.12,4537.11,12247,15
1779062400,2026-05-18T00:00:00+00:00,4537.08,4588.98,4480.54,4581.91,214731,14
1779148800,2026-05-19T00:00:00+00:00,4582.21,4589.43,4464.78,4489.37,198716,14
1779235200,2026-05-20T00:00:00+00:00,4489.37,4552.51,4453.65,4546.52,207050,14
1779321600,2026-05-21T00:00:00+00:00,4546.5,4570.86,4489.51,4535.56,208496,14
1779408000,2026-05-22T00:00:00+00:00,4535.56,4541.23,4492.02,4504.66,175206,14
1779580800,2026-05-24T00:00:00+00:00,4550.3,4579.82,4548.65,4567.03,13087,15
1779667200,2026-05-25T00:00:00+00:00,4566.94,4580.48,4550.55,4559.75,129529,15
1779753600,2026-05-26T00:00:00+00:00,4559.84,4560.1,4482.92,4519.73,181821,14
1779840000,2026-05-27T00:00:00+00:00,4519.71,4525.94,4401.48,4447.05,168144,14
1779926400,2026-05-28T00:00:00+00:00,4447.07,4516.56,4366.44,4495.23,188614,14
1780012800,2026-05-29T00:00:00+00:00,4495.3,4595.23,4492.3,4543.56,165138,14
1780185600,2026-05-31T00:00:00+00:00,4525.71,4545.72,4523.74,4539.61,9168,15
1780272000,2026-06-01T00:00:00+00:00,4539.61,4545.91,4447.81,4484.49,167861,14
1780358400,2026-06-02T00:00:00+00:00,4484.77,4541.55,4462.41,4474.45,167360,14
1780444800,2026-06-03T00:00:00+00:00,4474.45,4496.58,4424.17,4457.31,174335,15
1780531200,2026-06-04T00:00:00+00:00,4457.32,4515.36,4443.58,4461.81,173579,15
1780617600,2026-06-05T00:00:00+00:00,4461.58,4475.73,4311.59,4324.01,184977,15
1780790400,2026-06-07T00:00:00+00:00,4318.7,4346.96,4314.0,4344.01,14697,15
1780876800,2026-06-08T00:00:00+00:00,4344.03,4353.27,4268.8,4317.92,208151,15
1780963200,2026-06-09T00:00:00+00:00,4317.86,4363.38,4210.4,4221.99,201636,15
1781049600,2026-06-10T00:00:00+00:00,4222.23,4228.29,4023.92,4047.4,235748,15
1781136000,2026-06-11T00:00:00+00:00,4047.08,4246.52,4036.04,4219.9,232601,15
1781222400,2026-06-12T00:00:00+00:00,4219.59,4235.6,4170.25,4213.6,199524,15
1781395200,2026-06-14T00:00:00+00:00,4306.27,4306.27,4280.42,4294.09,11368,15
1781481600,2026-06-15T00:00:00+00:00,4293.76,4369.17,4285.55,4315.68,174374,15
1781568000,2026-06-16T00:00:00+00:00,4315.68,4354.94,4306.96,4331.03,163431,15
1781654400,2026-06-17T00:00:00+00:00,4331.03,4382.12,4219.15,4277.92,174418,15
1781740800,2026-06-18T00:00:00+00:00,4277.93,4329.89,4187.0,4188.36,193342,15
1781827200,2026-06-19T00:00:00+00:00,4188.2,4198.19,4121.58,4155.77,128393,15
1782000000,2026-06-21T00:00:00+00:00,4154.38,4164.39,4136.46,4140.23,11393,15
1782086400,2026-06-22T00:00:00+00:00,4140.23,4220.57,4140.0,4187.7,182212,15
1782172800,2026-06-23T00:00:00+00:00,4187.68,4198.66,4080.88,4099.31,209475,15
1782259200,2026-06-24T00:00:00+00:00,4099.37,4112.07,3959.15,4012.5,226421,15
1782345600,2026-06-25T00:00:00+00:00,4013.12,4044.09,3963.67,4014.5,211884,15
1782432000,2026-06-26T00:00:00+00:00,4014.53,4095.99,3982.96,4070.66,189171,15
1782604800,2026-06-28T00:00:00+00:00,4075.87,4077.84,4051.86,4062.8,12114,15
1782691200,2026-06-29T00:00:00+00:00,4062.89,4075.69,4000.29,4015.12,181822,15
1782777600,2026-06-30T00:00:00+00:00,4015.08,4063.41,3942.89,4005.75,185569,15
1782864000,2026-07-01T00:00:00+00:00,4005.75,4115.59,3959.81,4035.17,189511,15
1782950400,2026-07-02T00:00:00+00:00,4035.14,4143.92,4030.79,4126.13,196383,15
1783036800,2026-07-03T00:00:00+00:00,4126.19,4195.49,4122.98,4174.84,118410,15
1783209600,2026-07-05T00:00:00+00:00,4179.79,4201.51,4176.92,4183.23,10761,15
1783296000,2026-07-06T00:00:00+00:00,4183.22,4202.15,4128.46,4157.34,165174,15
1783382400,2026-07-07T00:00:00+00:00,4157.3,4180.45,4092.39,4098.5,188048,15
1783468800,2026-07-08T00:00:00+00:00,4098.48,4133.98,4021.95,4076.22,217502,15
1783555200,2026-07-09T00:00:00+00:00,4076.18,4138.05,4054.28,4123.41,169043,15
1783641600,2026-07-10T00:00:00+00:00,4123.34,4134.85,4073.16,4111.61,142755,15
1783814400,2026-07-12T00:00:00+00:00,4090.29,4093.35,4068.31,4084.48,13033,15
1783900800,2026-07-13T00:00:00+00:00,4084.59,4091.07,3986.33,4001.02,201999,15
1783987200,2026-07-14T00:00:00+00:00,4001.2,4102.69,3985.63,4053.06,191767,15
1784073600,2026-07-15T00:00:00+00:00,4053.28,4081.07,4017.39,4057.91,188896,15
1784160000,2026-07-16T00:00:00+00:00,4057.93,4061.28,3969.37,3986.0,193793,15
1784246400,2026-07-17T00:00:00+00:00,3986.38,4023.73,3959.69,4013.33,187797,15
1784419200,2026-07-19T00:00:00+00:00,3997.52,4000.08,3989.43,3995.59,10661,15
1784505600,2026-07-20T00:00:00+00:00,3995.54,4040.55,3982.59,4009.94,176472,15
1784592000,2026-07-21T00:00:00+00:00,4009.93,4087.22,4003.84,4080.71,163764,15
1784678400,2026-07-22T00:00:00+00:00,4080.8,4166.06,4076.74,4133.47,198835,15
1784764800,2026-07-23T00:00:00+00:00,4133.66,4140.88,4040.14,4047.04,218503,15
1784851200,2026-07-24T00:00:00+00:00,4047.04,4082.16,4022.08,4055.38,190226,15
1785024000,2026-07-26T00:00:00+00:00,4088.39,4096.23,4083.53,4094.11,11442,15
1785110400,2026-07-27T00:00:00+00:00,4093.98,4116.24,4065.3,4073.38,217837,15
1785196800,2026-07-28T00:00:00+00:00,4073.2,4074.15,4011.61,4024.97,229864,15
1785283200,2026-07-29T00:00:00+00:00,4025.03,4116.46,3995.91,4084.6,241994,15
1785369600,2026-07-30T00:00:00+00:00,4084.72,4120.14,4028.4,4105.91,247591,15
1785456000,2026-07-31T00:00:00+00:00,4106.21,4107.13,4021.03,4051.16,204995,15
1785628800,2026-08-02T00:00:00+00:00,4074.84,4078.54,4063.01,4074.97,14169,15
1785715200,2026-08-03T00:00:00+00:00,4074.97,4078.93,4019.12,4053.88,201239,15
1785801600,2026-08-04T00:00:00+00:00,4053.89,4106.3,4042.58,4072.51,208490,15
1785888000,2026-08-05T00:00:00+00:00,4072.66,4281.94,4070.43,4278.04,219105,15
1785974400,2026-08-06T00:00:00+00:00,4278.02,4304.08,4223.42,4252.44,213718,15
1786060800,2026-08-07T00:00:00+00:00,4252.44,4371.84,4229.75,4341.26,206672,15
1786233600,2026-08-09T00:00:00+00:00,4339.09,4349.12,4332.33,4333.22,12548,15
1786320000,2026-08-10T00:00:00+00:00,4332.82,4402.59,4313.47,4402.37,199717,15
1786406400,2026-08-11T00:00:00+00:00,4402.36,4435.2,4356.79,4371.53,206960,15
1786492800,2026-08-12T00:00:00+00:00,4371.53,4441.19,4366.51,4414.47,196857,15
1786579200,2026-08-13T00:00:00+00:00,4414.47,4449.78,4343.89,4356.78,207070,15
1786665600,2026-08-14T00:00:00+00:00,4356.79,4396.97,4310.99,4375.4,176052,15
1786838400,2026-08-16T00:00:00+00:00,4376.29,4386.56,4367.2,4370.28,10583,15
1786924800,2026-08-17T00:00:00+00:00,4370.27,4428.86,4368.22,4425.88,187705,15
1787011200,2026-08-18T00:00:00+00:00,4425.92,4436.18,4327.28,4332.99,199206,15
1787097600,2026-08-19T00:00:00+00:00,4333.02,4524.14,4324.68,4511.7,219630,15
1787184000,2026-08-20T00:00:00+00:00,4511.72,4540.91,4450.53,4526.29,223734,15
1787270400,2026-08-21T00:00:00+00:00,4526.29,4632.28,4508.82,4607.84,204777,15
1787443200,2026-08-23T00:00:00+00:00,4617.03,4624.71,4604.76,4624.26,15552,15
1787529600,2026-08-24T00:00:00+00:00,4624.22,4682.69,4594.71,4679.98,240131,15
1787616000,2026-08-25T00:00:00+00:00,4680.27,4696.89,4605.32,4654.96,228453,15
1787702400,2026-08-26T00:00:00+00:00,4654.89,4670.75,4583.01,4623.5,214857,15
1787788800,2026-08-27T00:00:00+00:00,4623.82,4643.04,4565.14,4594.43,211345,15
1787875200,2026-08-28T00:00:00+00:00,4594.37,4631.83,4445.49,4456.98,214381,15
1788048000,2026-08-30T00:00:00+00:00,4455.83,4466.83,4435.81,4458.43,15093,15
1788134400,2026-08-31T00:00:00+00:00,4458.89,4472.1,4396.5,4452.35,222133,15
1788220800,2026-09-01T00:00:00+00:00,4452.43,4461.42,4322.93,4324.42,227746,15
1788307200,2026-09-02T00:00:00+00:00,4324.47,4397.51,4282.55,4385.58,227621,15
1788393600,2026-09-03T00:00:00+00:00,4385.58,4510.87,4382.6,4480.09,221064,15
1788480000,2026-09-04T00:00:00+00:00,4480.05,4490.69,4365.3,4430.17,190643,15
1788652800,2026-09-06T00:00:00+00:00,4424.76,4434.95,4421.22,4423.31,11928,15
1788739200,2026-09-07T00:00:00+00:00,4423.44,4429.62,4381.15,4406.64,154379,15
1788825600,2026-09-08T00:00:00+00:00,4423.0,4443.02,4345.41,4349.9,225110,15
1788912000,2026-09-09T00:00:00+00:00,4349.91,4434.14,4341.19,4394.23,210573,15
1788998400,2026-09-10T00:00:00+00:00,4394.26,4434.86,4311.32,4315.26,229691,15
1789084800,2026-09-11T00:00:00+00:00,4315.26,4402.4,4292.85,4346.28,215917,15
1789257600,2026-09-13T00:00:00+00:00,4330.8,4342.38,4328.04,4332.83,13525,15
1789344000,2026-09-14T00:00:00+00:00,4332.31,4355.33,4253.67,4288.24,224921,15
1789430400,2026-09-15T00:00:00+00:00,4288.31,4317.33,4261.34,4283.51,199675,15
1789516800,2026-09-16T00:00:00+00:00,4283.63,4368.28,4234.68,4264.05,204741,15
