hypothesis,run_tag,mode,mode_id,geometry,window,window_from,window_to,role,trades,test_pnl,cumulative_r,win_rate_pct,sl_exits,tp_exits,timeout_exits,profit_factor,max_drawdown,max_drawdown_pct,expectancy,recovery_factor,avg_win,avg_loss,longest_loss_streak,on_tester_result,r_matches_report,research_line_present,history_quality,bars,ticks,entries_on_bar_open,experiment_id,accounting_source,mean_risk,money_implied_r,risk_source
ORIGINAL_sl2_tp4_h180_r0.01,v28_is90_ORIGINAL_sl2_tp4_h180_r0.01,V28_ORIGINAL,0,"{'risk': 0.01, 'sl_atr': 2.0, 'tp_atr': 4.0, 'hold_min': 180}",is90,2026.06.12,2026.09.10,is,18,-229.41,-2.3075,38.89,1,0,17,0.4,229.41,2.29,-12.745,-0.91,21.6,-34.6,3,-2.307459309414131,True,True,100% real ticks,4320.0,3885441.0,True,V28-0001,report (OnTester + Total Net Profit + deal reasons) + mean_risk from pass closes,98.47,-2.3297,open_lines
REVERSE_DIRECTION_sl2_tp4_h180_r0.01,v28_is90_REVERSE_DIRECTION_sl2_tp4_h180_r0.01,V28_REVERSE_DIRECTION,1,"{'risk': 0.01, 'sl_atr': 2.0, 'tp_atr': 4.0, 'hold_min': 180}",is90,2026.06.12,2026.09.10,is,262,-144.81,-1.192,51.53,20,0,242,0.97,1425.15,13.7,-0.5527099236641222,-0.1,40.56,-44.26,6,-1.192019807083707,True,True,100% real ticks,4320.0,3885441.0,False,V28-0002,report (OnTester + Total Net Profit + deal reasons) + mean_risk from pass closes,96.48,-1.5009,open_lines
REVERSE_TRIGGER_sl2_tp4_h180_r0.01,v28_is90_REVERSE_TRIGGER_sl2_tp4_h180_r0.01,V28_REVERSE_TRIGGER,2,"{'risk': 0.01, 'sl_atr': 2.0, 'tp_atr': 4.0, 'hold_min': 180}",is90,2026.06.12,2026.09.10,is,259,-676.73,-7.092,47.49,20,0,239,0.88,1089.51,10.46,-2.612857142857143,-0.6,41.85,-42.83,7,-7.092000738928411,True,True,100% real ticks,4320.0,3885441.0,False,V28-0003,report (OnTester + Total Net Profit + deal reasons) + mean_risk from pass closes,97.96,-6.9082,open_lines
REVERSE_BOTH_sl2_tp4_h180_r0.01,v28_is90_REVERSE_BOTH_sl2_tp4_h180_r0.01,V28_REVERSE_BOTH,3,"{'risk': 0.01, 'sl_atr': 2.0, 'tp_atr': 4.0, 'hold_min': 180}",is90,2026.06.12,2026.09.10,is,18,189.93,1.8945,55.56,0,0,18,2.1,68.53,0.68,10.551666666666668,1.43,36.25,-21.57,3,1.894507726532079,True,True,100% real ticks,4320.0,3885441.0,True,V28-0004,report (OnTester + Total Net Profit + deal reasons) + mean_risk from pass closes,100.19,1.8957,open_lines
LONG_ONLY_sl2_tp4_h180_r0.01,v28_is90_LONG_ONLY_sl2_tp4_h180_r0.01,V28_LONG_ONLY,4,"{'risk': 0.01, 'sl_atr': 2.0, 'tp_atr': 4.0, 'hold_min': 180}",is90,2026.06.12,2026.09.10,is,12,1.11,0.0164,58.33,0,0,12,1.01,68.85,0.68,0.09250000000000001,0.01,21.91,-30.45,2,0.01635814401355623,True,True,100% real ticks,4320.0,3885441.0,True,V28-0005,report (OnTester + Total Net Profit + deal reasons) + mean_risk from pass closes,99.79,0.0111,open_lines
SHORT_ONLY_sl2_tp4_h180_r0.01,v28_is90_SHORT_ONLY_sl2_tp4_h180_r0.01,V28_SHORT_ONLY,5,"{'risk': 0.01, 'sl_atr': 2.0, 'tp_atr': 4.0, 'hold_min': 180}",is90,2026.06.12,2026.09.10,is,6,-230.52,-2.3241,0.0,1,0,5,0.0,230.52,2.31,-38.42,-0.91,0.0,-38.42,6,-2.324055408579178,True,True,100% real ticks,4320.0,3885441.0,True,V28-0006,report (OnTester + Total Net Profit + deal reasons) + mean_risk from pass closes,98.3,-2.3451,open_lines
MACRO_ONLY_sl2_tp4_h180_r0.01,v28_is90_MACRO_ONLY_sl2_tp4_h180_r0.01,V28_MACRO_ONLY,6,"{'risk': 0.01, 'sl_atr': 2.0, 'tp_atr': 4.0, 'hold_min': 180}",is90,2026.06.12,2026.09.10,is,613,-1289.54,-14.3638,49.59,51,1,561,0.91,1609.25,15.6,-2.1036541598694942,-0.78,41.22,-44.73,6,-14.36375633355233,True,True,100% real ticks,4320.0,3885441.0,False,V28-0007,report (OnTester + Total Net Profit + deal reasons) + mean_risk from pass closes,95.95,-13.4397,open_lines
TRIGGER_ONLY_sl2_tp4_h180_r0.01,v28_is90_TRIGGER_ONLY_sl2_tp4_h180_r0.01,V28_TRIGGER_ONLY,7,"{'risk': 0.01, 'sl_atr': 2.0, 'tp_atr': 4.0, 'hold_min': 180}",is90,2026.06.12,2026.09.10,is,351,-1122.68,-11.645,49.86,32,0,319,0.85,1786.6,17.29,-3.1985185185185188,-0.6,37.35,-43.52,7,-11.64504326071788,True,True,100% real ticks,4320.0,3885441.0,False,V28-0008,report (OnTester + Total Net Profit + deal reasons) + mean_risk from pass closes,93.6,-11.9944,open_lines
ORIGINAL_sl2_tp4_h180_r0.01,v28_is180_ORIGINAL_sl2_tp4_h180_r0.01,V28_ORIGINAL,0,"{'risk': 0.01, 'sl_atr': 2.0, 'tp_atr': 4.0, 'hold_min': 180}",is180,2026.03.14,2026.09.10,is,29,-783.9,-8.1249,31.03,5,0,24,0.17,783.9,7.84,-27.03103448275862,-0.95,17.78,-47.19,6,-8.1248671966234,True,True,100% real ticks,8640.0,7770189.0,True,V28-0009,report (OnTester + Total Net Profit + deal reasons) + mean_risk from pass closes,94.34,-8.3093,open_lines
REVERSE_DIRECTION_sl2_tp4_h180_r0.01,v28_is180_REVERSE_DIRECTION_sl2_tp4_h180_r0.01,V28_REVERSE_DIRECTION,1,"{'risk': 0.01, 'sl_atr': 2.0, 'tp_atr': 4.0, 'hold_min': 180}",is180,2026.03.14,2026.09.10,is,527,-25.73,0.2462,50.47,35,0,492,1.0,1939.83,17.59,-0.04882352941176471,-0.01,42.63,-43.54,8,0.2461850135058019,True,True,100% real ticks,8640.0,7770189.0,False,V28-0010,report (OnTester + Total Net Profit + deal reasons) + mean_risk from pass closes,100.39,-0.2563,open_lines
REVERSE_TRIGGER_sl2_tp4_h180_r0.01,v28_is180_REVERSE_TRIGGER_sl2_tp4_h180_r0.01,V28_REVERSE_TRIGGER,2,"{'risk': 0.01, 'sl_atr': 2.0, 'tp_atr': 4.0, 'hold_min': 180}",is180,2026.03.14,2026.09.10,is,521,-1578.47,-17.2939,47.41,44,0,477,0.85,1644.03,16.33,-3.0296928982725526,-0.92,37.41,-39.48,7,-17.29388436603127,True,True,100% real ticks,8640.0,7770189.0,False,V28-0011,report (OnTester + Total Net Profit + deal reasons) + mean_risk from pass closes,90.32,-17.4764,open_lines
REVERSE_BOTH_sl2_tp4_h180_r0.01,v28_is180_REVERSE_BOTH_sl2_tp4_h180_r0.01,V28_REVERSE_BOTH,3,"{'risk': 0.01, 'sl_atr': 2.0, 'tp_atr': 4.0, 'hold_min': 180}",is180,2026.03.14,2026.09.10,is,29,679.49,6.6041,65.52,0,0,29,4.33,71.85,0.68,23.430689655172415,4.87,46.5,-20.4,3,6.604123209284706,True,True,100% real ticks,8640.0,7770189.0,True,V28-0012,report (OnTester + Total Net Profit + deal reasons) + mean_risk from pass closes,103.8,6.5461,open_lines
LONG_ONLY_sl2_tp4_h180_r0.01,v28_is180_LONG_ONLY_sl2_tp4_h180_r0.01,V28_LONG_ONLY,4,"{'risk': 0.01, 'sl_atr': 2.0, 'tp_atr': 4.0, 'hold_min': 180}",is180,2026.03.14,2026.09.10,is,16,-120.61,-1.2044,50.0,0,0,16,0.58,149.44,1.49,-7.538125,-0.47,20.9,-35.98,4,-1.20442323087896,True,True,100% real ticks,8640.0,7770189.0,True,V28-0013,report (OnTester + Total Net Profit + deal reasons) + mean_risk from pass closes,98.82,-1.2205,open_lines
SHORT_ONLY_sl2_tp4_h180_r0.01,v28_is180_SHORT_ONLY_sl2_tp4_h180_r0.01,V28_SHORT_ONLY,5,"{'risk': 0.01, 'sl_atr': 2.0, 'tp_atr': 4.0, 'hold_min': 180}",is180,2026.03.14,2026.09.10,is,13,-672.02,-6.9271,7.69,5,0,8,0.0,672.02,6.72,-51.69384615384615,-0.94,1.73,-56.15,7,-6.927140786199164,True,True,100% real ticks,8640.0,7770189.0,True,V28-0014,report (OnTester + Total Net Profit + deal reasons) + mean_risk from pass closes,95.62,-7.028,open_lines
MACRO_ONLY_sl2_tp4_h180_r0.01,v28_is180_MACRO_ONLY_sl2_tp4_h180_r0.01,V28_MACRO_ONLY,6,"{'risk': 0.01, 'sl_atr': 2.0, 'tp_atr': 4.0, 'hold_min': 180}",is180,2026.03.14,2026.09.10,is,1218,-3125.46,-38.3987,49.1,110,1,1107,0.86,3331.77,32.66,-2.5660591133004926,-0.92,33.03,-36.89,7,-38.39865457437631,True,True,100% real ticks,8640.0,7770189.0,False,V28-0015,report (OnTester + Total Net Profit + deal reasons) + mean_risk from pass closes,80.1,-39.0195,open_lines
TRIGGER_ONLY_sl2_tp4_h180_r0.01,v28_is180_TRIGGER_ONLY_sl2_tp4_h180_r0.01,V28_TRIGGER_ONLY,7,"{'risk': 0.01, 'sl_atr': 2.0, 'tp_atr': 4.0, 'hold_min': 180}",is180,2026.03.14,2026.09.10,is,702,-2184.31,-24.0613,48.29,58,0,644,0.85,2955.46,28.2,-3.1115527065527067,-0.73,37.17,-40.73,8,-24.06132547955416,True,True,100% real ticks,8640.0,7770189.0,False,V28-0016,report (OnTester + Total Net Profit + deal reasons) + mean_risk from pass closes,89.0,-24.5428,open_lines
ORIGINAL_sl2_tp4_h180_r0.01,v28_wf_ORIGINAL_sl2_tp4_h180_r0.01,V28_ORIGINAL,0,"{'risk': 0.01, 'sl_atr': 2.0, 'tp_atr': 4.0, 'hold_min': 180}",wf,2025.12.14,2026.03.13,wf,27,-353.75,-3.5633,48.15,5,0,22,0.53,387.55,3.87,-13.101851851851851,-0.84,30.81,-53.88,4,-3.563304847397419,True,True,100% real ticks,4272.0,3841286.0,True,V28-0017,report (OnTester + Total Net Profit + deal reasons) + mean_risk from pass closes,97.43,-3.6308,open_lines
REVERSE_DIRECTION_sl2_tp4_h180_r0.01,v28_wf_REVERSE_DIRECTION_sl2_tp4_h180_r0.01,V28_REVERSE_DIRECTION,1,"{'risk': 0.01, 'sl_atr': 2.0, 'tp_atr': 4.0, 'hold_min': 180}",wf,2025.12.14,2026.03.13,wf,273,-1667.12,-17.9655,42.49,24,0,249,0.74,2182.02,21.25,-6.1066666666666665,-0.74,41.08,-40.97,9,-17.96548263276516,True,True,100% real ticks,4272.0,3841286.0,False,V28-0018,report (OnTester + Total Net Profit + deal reasons) + mean_risk from pass closes,89.49,-18.6291,open_lines
REVERSE_TRIGGER_sl2_tp4_h180_r0.01,v28_wf_REVERSE_TRIGGER_sl2_tp4_h180_r0.01,V28_REVERSE_TRIGGER,2,"{'risk': 0.01, 'sl_atr': 2.0, 'tp_atr': 4.0, 'hold_min': 180}",wf,2025.12.14,2026.03.13,wf,267,926.27,8.7518,52.81,16,1,250,1.15,661.68,5.8,3.4691760299625467,1.2,49.66,-48.22,8,8.751795239474262,True,True,100% real ticks,4272.0,3841286.0,False,V28-0019,report (OnTester + Total Net Profit + deal reasons) + mean_risk from pass closes,106.14,8.7269,open_lines
REVERSE_BOTH_sl2_tp4_h180_r0.01,v28_wf_REVERSE_BOTH_sl2_tp4_h180_r0.01,V28_REVERSE_BOTH,3,"{'risk': 0.01, 'sl_atr': 2.0, 'tp_atr': 4.0, 'hold_min': 180}",wf,2025.12.14,2026.03.13,wf,27,250.4,2.5161,51.85,0,0,27,1.56,165.76,1.62,9.274074074074074,1.22,50.01,-34.6,4,2.516130365167043,True,True,100% real ticks,4272.0,3841286.0,True,V28-0020,report (OnTester + Total Net Profit + deal reasons) + mean_risk from pass closes,101.14,2.4758,open_lines
LONG_ONLY_sl2_tp4_h180_r0.01,v28_wf_LONG_ONLY_sl2_tp4_h180_r0.01,V28_LONG_ONLY,4,"{'risk': 0.01, 'sl_atr': 2.0, 'tp_atr': 4.0, 'hold_min': 180}",wf,2025.12.14,2026.03.13,wf,12,-332.03,-3.3635,33.33,3,0,9,0.25,355.2,3.54,-27.669166666666666,-0.81,27.03,-55.02,3,-3.363524119996362,True,True,100% real ticks,4272.0,3841286.0,True,V28-0021,report (OnTester + Total Net Profit + deal reasons) + mean_risk from pass closes,97.67,-3.3995,open_lines
SHORT_ONLY_sl2_tp4_h180_r0.01,v28_wf_SHORT_ONLY_sl2_tp4_h180_r0.01,V28_SHORT_ONLY,5,"{'risk': 0.01, 'sl_atr': 2.0, 'tp_atr': 4.0, 'hold_min': 180}",wf,2025.12.14,2026.03.13,wf,15,-21.98,-0.2001,60.0,2,0,13,0.93,108.34,1.08,-1.4653333333333334,-0.16,33.27,-53.57,2,-0.2001352368492203,True,True,100% real ticks,4272.0,3841286.0,True,V28-0022,report (OnTester + Total Net Profit + deal reasons) + mean_risk from pass closes,99.8,-0.2202,open_lines
MACRO_ONLY_sl2_tp4_h180_r0.01,v28_wf_MACRO_ONLY_sl2_tp4_h180_r0.01,V28_MACRO_ONLY,6,"{'risk': 0.01, 'sl_atr': 2.0, 'tp_atr': 4.0, 'hold_min': 180}",wf,2025.12.14,2026.03.13,wf,590,580.15,5.1618,48.98,33,1,556,1.05,1359.85,12.2,0.9833050847457627,0.4,46.0,-42.23,8,5.161772336208163,True,True,100% real ticks,4272.0,3841286.0,False,V28-0023,report (OnTester + Total Net Profit + deal reasons) + mean_risk from pass closes,101.01,5.7435,open_lines
TRIGGER_ONLY_sl2_tp4_h180_r0.01,v28_wf_TRIGGER_ONLY_sl2_tp4_h180_r0.01,V28_TRIGGER_ONLY,7,"{'risk': 0.01, 'sl_atr': 2.0, 'tp_atr': 4.0, 'hold_min': 180}",wf,2025.12.14,2026.03.13,wf,374,-2180.27,-24.3958,44.12,34,0,340,0.74,2463.51,24.34,-5.829598930481283,-0.88,37.54,-40.07,10,-24.39575992097114,True,True,100% real ticks,4272.0,3841286.0,False,V28-0024,report (OnTester + Total Net Profit + deal reasons) + mean_risk from pass closes,85.78,-25.417,open_lines
ORIGINAL_sl2_tp4_h180_r0.01,v28_oos_ORIGINAL_sl2_tp4_h180_r0.01,V28_ORIGINAL,0,"{'risk': 0.01, 'sl_atr': 2.0, 'tp_atr': 4.0, 'hold_min': 180}",oos,2025.09.15,2025.12.13,oos,12,-46.94,-0.4492,50.0,1,0,11,0.86,219.37,2.19,-3.9116666666666666,-0.16,46.62,-54.44,4,-0.4491851631879058,True,True,100% real ticks,4272.0,3842190.0,True,V28-0025,report (OnTester + Total Net Profit + deal reasons) + mean_risk from pass closes,98.72,-0.4755,open_lines
REVERSE_DIRECTION_sl2_tp4_h180_r0.01,v28_oos_REVERSE_DIRECTION_sl2_tp4_h180_r0.01,V28_REVERSE_DIRECTION,1,"{'risk': 0.01, 'sl_atr': 2.0, 'tp_atr': 4.0, 'hold_min': 180}",oos,2025.09.15,2025.12.13,oos,238,-916.28,-9.3472,43.7,18,0,220,0.83,1256.69,12.34,-3.8499159663865545,-0.72,42.66,-39.95,5,-9.347232958080319,True,True,100% real ticks,4272.0,3842190.0,False,V28-0026,report (OnTester + Total Net Profit + deal reasons) + mean_risk from pass closes,95.83,-9.5615,open_lines
REVERSE_TRIGGER_sl2_tp4_h180_r0.01,v28_oos_REVERSE_TRIGGER_sl2_tp4_h180_r0.01,V28_REVERSE_TRIGGER,2,"{'risk': 0.01, 'sl_atr': 2.0, 'tp_atr': 4.0, 'hold_min': 180}",oos,2025.09.15,2025.12.13,oos,232,319.87,3.0242,52.16,15,0,217,1.06,452.91,4.46,1.37875,0.64,43.66,-44.71,5,3.024152025895022,True,True,100% real ticks,4272.0,3842190.0,False,V28-0027,report (OnTester + Total Net Profit + deal reasons) + mean_risk from pass closes,100.27,3.1901,open_lines
REVERSE_BOTH_sl2_tp4_h180_r0.01,v28_oos_REVERSE_BOTH_sl2_tp4_h180_r0.01,V28_REVERSE_BOTH,3,"{'risk': 0.01, 'sl_atr': 2.0, 'tp_atr': 4.0, 'hold_min': 180}",oos,2025.09.15,2025.12.13,oos,12,-20.17,-0.1854,50.0,1,0,11,0.93,149.51,1.48,-1.6808333333333334,-0.09,44.77,-48.13,2,-0.185442663209008,True,True,100% real ticks,4272.0,3842190.0,True,V28-0028,report (OnTester + Total Net Profit + deal reasons) + mean_risk from pass closes,99.79,-0.2021,open_lines
LONG_ONLY_sl2_tp4_h180_r0.01,v28_oos_LONG_ONLY_sl2_tp4_h180_r0.01,V28_LONG_ONLY,4,"{'risk': 0.01, 'sl_atr': 2.0, 'tp_atr': 4.0, 'hold_min': 180}",oos,2025.09.15,2025.12.13,oos,4,192.7,1.916,100.0,0,0,4,0.0,0.0,0.0,48.175,3.32,48.18,0.0,0,1.916024106855924,True,True,100% real ticks,4272.0,3842190.0,True,V28-0029,report (OnTester + Total Net Profit + deal reasons) + mean_risk from pass closes,99.91,1.9287,open_lines
SHORT_ONLY_sl2_tp4_h180_r0.01,v28_oos_SHORT_ONLY_sl2_tp4_h180_r0.01,V28_SHORT_ONLY,5,"{'risk': 0.01, 'sl_atr': 2.0, 'tp_atr': 4.0, 'hold_min': 180}",oos,2025.09.15,2025.12.13,oos,8,-235.36,-2.3678,25.0,1,0,7,0.28,279.21,2.79,-29.42,-0.66,44.79,-54.16,5,-2.367835576178115,True,True,100% real ticks,4272.0,3842190.0,True,V28-0030,report (OnTester + Total Net Profit + deal reasons) + mean_risk from pass closes,98.16,-2.3977,open_lines
MACRO_ONLY_sl2_tp4_h180_r0.01,v28_oos_MACRO_ONLY_sl2_tp4_h180_r0.01,V28_MACRO_ONLY,6,"{'risk': 0.01, 'sl_atr': 2.0, 'tp_atr': 4.0, 'hold_min': 180}",oos,2025.09.15,2025.12.13,oos,577,-578.97,-6.5142,50.78,47,0,530,0.95,1435.74,14.27,-1.003414211438475,-0.38,38.26,-41.51,9,-6.514177105347344,True,True,100% real ticks,4272.0,3842190.0,False,V28-0031,report (OnTester + Total Net Profit + deal reasons) + mean_risk from pass closes,92.54,-6.2564,open_lines
TRIGGER_ONLY_sl2_tp4_h180_r0.01,v28_oos_TRIGGER_ONLY_sl2_tp4_h180_r0.01,V28_TRIGGER_ONLY,7,"{'risk': 0.01, 'sl_atr': 2.0, 'tp_atr': 4.0, 'hold_min': 180}",oos,2025.09.15,2025.12.13,oos,335,-1093.52,-11.2567,45.07,20,0,315,0.85,1689.79,16.18,-3.264238805970149,-0.64,41.8,-40.24,6,-11.2566601610231,True,True,100% real ticks,4272.0,3842190.0,False,V28-0032,report (OnTester + Total Net Profit + deal reasons) + mean_risk from pass closes,95.59,-11.4397,open_lines
REVERSE_BOTH_sl1_tp4_h180_r0.01,v28_is180_REVERSE_BOTH_sl1_tp4_h180_r0.01_19812-0916104856,V28_REVERSE_BOTH,3,"{'risk': 0.01, 'sl_atr': 1.0, 'tp_atr': 4.0, 'hold_min': 180}",is180,2026.03.14,2026.09.10,is,29,1161.53,11.1244,65.52,4,0,25,2.78,239.04,2.14,40.05,3.05,95.52,-65.34,3,11.12440005273758,True,True,100% real ticks,8640.0,7770189.0,True,V28-0033,,107.59,10.7959,
REVERSE_BOTH_sl1.5_tp4_h180_r0.01,v28_is180_REVERSE_BOTH_sl1.5_tp4_h180_r0.01_19812-0916104913,V28_REVERSE_BOTH,3,"{'risk': 0.01, 'sl_atr': 1.5, 'tp_atr': 4.0, 'hold_min': 180}",is180,2026.03.14,2026.09.10,is,29,858.53,8.2941,65.52,1,0,28,3.58,154.67,1.43,29.6,3.48,62.71,-33.29,3,8.294135084742528,False,True,100% real ticks,8640.0,7770189.0,True,V28-0034,,105.46,8.1408,
REVERSE_BOTH_sl2.5_tp4_h180_r0.01,v28_is180_REVERSE_BOTH_sl2.5_tp4_h180_r0.01_19812-0916104927,V28_REVERSE_BOTH,3,"{'risk': 0.01, 'sl_atr': 2.5, 'tp_atr': 4.0, 'hold_min': 180}",is180,2026.03.14,2026.09.10,is,29,540.66,5.2848,65.52,0,0,29,4.36,56.37,0.54,18.64,4.91,36.93,-16.1,3,5.284776730668094,False,True,100% real ticks,8640.0,7770189.0,True,V28-0035,,103.41,5.2283,
REVERSE_BOTH_sl3_tp4_h180_r0.01,v28_is180_REVERSE_BOTH_sl3_tp4_h180_r0.01_19812-0916104941,V28_REVERSE_BOTH,3,"{'risk': 0.01, 'sl_atr': 3.0, 'tp_atr': 4.0, 'hold_min': 180}",is180,2026.03.14,2026.09.10,is,29,448.19,4.3977,65.52,0,0,29,4.36,46.83,0.45,15.45,4.91,30.6,-13.33,3,4.397741498397535,False,True,100% real ticks,8640.0,7770189.0,True,V28-0036,,102.83,4.3586,
REVERSE_BOTH_sl2_tp2_h180_r0.01,v28_is180_REVERSE_BOTH_sl2_tp2_h180_r0.01_19812-0916104955,V28_REVERSE_BOTH,3,"{'risk': 0.01, 'sl_atr': 2.0, 'tp_atr': 2.0, 'hold_min': 180}",is180,2026.03.14,2026.09.10,is,29,733.75,7.1148,65.52,0,4,25,4.58,72.18,0.68,25.3,5.76,49.41,-20.5,3,7.114783247539188,False,True,100% real ticks,8640.0,7770189.0,True,V28-0037,,104.79,7.0021,
REVERSE_BOTH_sl2_tp3_h180_r0.01,v28_is180_REVERSE_BOTH_sl2_tp3_h180_r0.01_19812-0916105009,V28_REVERSE_BOTH,3,"{'risk': 0.01, 'sl_atr': 2.0, 'tp_atr': 3.0, 'hold_min': 180}",is180,2026.03.14,2026.09.10,is,29,679.49,6.6041,65.52,0,0,29,4.33,71.85,0.68,23.43,4.87,46.5,-20.4,3,6.604123209284706,False,True,100% real ticks,8640.0,7770189.0,True,V28-0038,,104.28,6.516,
REVERSE_BOTH_sl2_tp5_h180_r0.01,v28_is180_REVERSE_BOTH_sl2_tp5_h180_r0.01_19812-0916105023,V28_REVERSE_BOTH,3,"{'risk': 0.01, 'sl_atr': 2.0, 'tp_atr': 5.0, 'hold_min': 180}",is180,2026.03.14,2026.09.10,is,29,679.49,6.6041,65.52,0,0,29,4.33,71.85,0.68,23.43,4.87,46.5,-20.4,3,6.604123209284706,False,True,100% real ticks,8640.0,7770189.0,True,V28-0039,,104.28,6.516,
REVERSE_BOTH_sl2_tp6_h180_r0.01,v28_is180_REVERSE_BOTH_sl2_tp6_h180_r0.01_19812-0916105037,V28_REVERSE_BOTH,3,"{'risk': 0.01, 'sl_atr': 2.0, 'tp_atr': 6.0, 'hold_min': 180}",is180,2026.03.14,2026.09.10,is,29,679.49,6.6041,65.52,0,0,29,4.33,71.85,0.68,23.43,4.87,46.5,-20.4,3,6.604123209284706,False,True,100% real ticks,8640.0,7770189.0,True,V28-0040,,104.28,6.516,
REVERSE_BOTH_sl2_tp4_h30_r0.01,v28_is180_REVERSE_BOTH_sl2_tp4_h30_r0.01_19812-0916105051,V28_REVERSE_BOTH,3,"{'risk': 0.01, 'sl_atr': 2.0, 'tp_atr': 4.0, 'hold_min': 30}",is180,2026.03.14,2026.09.10,is,41,47.41,0.4771,63.41,0,0,41,1.18,176.75,1.73,1.16,0.23,11.72,-17.16,4,0.4770829575790439,False,True,100% real ticks,8640.0,7770189.0,True,V28-0041,,101.07,0.4691,
REVERSE_BOTH_sl2_tp4_h60_r0.01,v28_is180_REVERSE_BOTH_sl2_tp4_h60_r0.01_19812-0916105108,V28_REVERSE_BOTH,3,"{'risk': 0.01, 'sl_atr': 2.0, 'tp_atr': 4.0, 'hold_min': 60}",is180,2026.03.14,2026.09.10,is,35,273.5,2.7106,62.86,0,0,35,2.39,56.41,0.55,7.81,3.16,21.4,-15.17,2,2.710584366263595,False,True,100% real ticks,8640.0,7770189.0,True,V28-0042,,101.85,2.6853,
REVERSE_BOTH_sl2_tp4_h90_r0.01,v28_is180_REVERSE_BOTH_sl2_tp4_h90_r0.01_19812-0916105122,V28_REVERSE_BOTH,3,"{'risk': 0.01, 'sl_atr': 2.0, 'tp_atr': 4.0, 'hold_min': 90}",is180,2026.03.14,2026.09.10,is,31,334.43,3.3094,58.06,0,0,31,2.3,66.8,0.64,10.79,2.95,32.86,-19.77,5,3.309386966565087,False,True,100% real ticks,8640.0,7770189.0,True,V28-0043,,102.42,3.2653,
REVERSE_BOTH_sl2_tp4_h120_r0.01,v28_is180_REVERSE_BOTH_sl2_tp4_h120_r0.01_19812-0916105136,V28_REVERSE_BOTH,3,"{'risk': 0.01, 'sl_atr': 2.0, 'tp_atr': 4.0, 'hold_min': 120}",is180,2026.03.14,2026.09.10,is,31,257.45,2.562,58.06,0,0,31,1.7,141.27,1.36,8.3,1.36,34.66,-28.19,3,2.561988476661975,False,True,100% real ticks,8640.0,7770189.0,True,V28-0044,,102.45,2.5129,
REVERSE_BOTH_sl2_tp4_h240_r0.01,v28_is180_REVERSE_BOTH_sl2_tp4_h240_r0.01_19812-0916105150,V28_REVERSE_BOTH,3,"{'risk': 0.01, 'sl_atr': 2.0, 'tp_atr': 4.0, 'hold_min': 240}",is180,2026.03.14,2026.09.10,is,29,630.82,6.1579,58.62,0,0,29,3.06,102.53,0.98,21.75,3.22,55.11,-25.51,2,6.157906684441489,False,True,100% real ticks,8640.0,7770189.0,True,V28-0045,,103.23,6.1108,
REVERSE_BOTH_sl2_tp4_h360_r0.01,v28_is180_REVERSE_BOTH_sl2_tp4_h360_r0.01_19812-0916105205,V28_REVERSE_BOTH,3,"{'risk': 0.01, 'sl_atr': 2.0, 'tp_atr': 4.0, 'hold_min': 360}",is180,2026.03.14,2026.09.10,is,29,880.3,8.5232,68.97,2,0,27,2.77,126.14,1.18,30.36,4.04,68.85,-55.2,2,8.523194056125405,False,True,100% real ticks,8640.0,7770189.0,True,V28-0046,,104.67,8.4102,
REVERSE_BOTH_sl1_tp4_h180_r0.01,v28_wf_REVERSE_BOTH_sl1_tp4_h180_r0.01_4260-0916122641,V28_REVERSE_BOTH,3,"{'risk': 0.01, 'sl_atr': 1.0, 'tp_atr': 4.0, 'hold_min': 180}",wf,2025.12.14,2026.03.13,wf,29,-70.13,-0.5217,41.38,12,0,17,0.95,679.86,6.47,-2.42,-0.1,112.05,-83.22,5,-0.5216562823932538,False,True,100% real ticks,4272.0,3841286.0,True,V28-0047,,101.55,-0.6906,
REVERSE_BOTH_sl1.5_tp4_h180_r0.01,v28_wf_REVERSE_BOTH_sl1.5_tp4_h180_r0.01_4260-0916122655,V28_REVERSE_BOTH,3,"{'risk': 0.01, 'sl_atr': 1.5, 'tp_atr': 4.0, 'hold_min': 180}",wf,2025.12.14,2026.03.13,wf,27,280.25,2.8393,51.85,2,0,25,1.43,237.39,2.31,10.38,0.97,66.72,-50.29,4,2.83934432389117,False,True,100% real ticks,4272.0,3841286.0,True,V28-0048,,101.58,2.7589,
REVERSE_BOTH_sl2.5_tp4_h180_r0.01,v28_wf_REVERSE_BOTH_sl2.5_tp4_h180_r0.01_4260-0916122707,V28_REVERSE_BOTH,3,"{'risk': 0.01, 'sl_atr': 2.5, 'tp_atr': 4.0, 'hold_min': 180}",wf,2025.12.14,2026.03.13,wf,27,199.73,2.0119,51.85,0,0,27,1.56,132.32,1.3,7.4,1.22,39.86,-27.56,4,2.011921959350079,False,True,100% real ticks,4272.0,3841286.0,True,V28-0049,,101.15,1.9746,
REVERSE_BOTH_sl3_tp4_h180_r0.01,v28_wf_REVERSE_BOTH_sl3_tp4_h180_r0.01_4260-0916122718,V28_REVERSE_BOTH,3,"{'risk': 0.01, 'sl_atr': 3.0, 'tp_atr': 4.0, 'hold_min': 180}",wf,2025.12.14,2026.03.13,wf,27,168.34,1.6889,51.85,0,0,27,1.57,109.44,1.08,6.23,1.25,33.23,-22.84,4,1.688887036511453,False,True,100% real ticks,4272.0,3841286.0,True,V28-0050,,100.99,1.6669,
REVERSE_BOTH_sl2_tp2_h180_r0.01,v28_wf_REVERSE_BOTH_sl2_tp2_h180_r0.01_5392-0916131615,V28_REVERSE_BOTH,3,"{'risk': 0.01, 'sl_atr': 2.0, 'tp_atr': 2.0, 'hold_min': 180}",wf,2025.12.14,2026.03.13,wf,27,302.18,3.0291,51.85,0,5,22,1.67,166.34,1.62,11.19,1.47,53.77,-34.66,4,3.029115307644566,False,True,100% real ticks,4272.0,3841286.0,True,V28-0051,,101.91,2.9652,
REVERSE_BOTH_sl2_tp3_h180_r0.01,v28_wf_REVERSE_BOTH_sl2_tp3_h180_r0.01_5392-0916131633,V28_REVERSE_BOTH,3,"{'risk': 0.01, 'sl_atr': 2.0, 'tp_atr': 3.0, 'hold_min': 180}",wf,2025.12.14,2026.03.13,wf,27,250.4,2.5161,51.85,0,0,27,1.56,165.76,1.62,9.27,1.22,50.01,-34.6,4,2.516130365167043,False,True,100% real ticks,4272.0,3841286.0,True,V28-0052,,101.48,2.4675,
REVERSE_BOTH_sl2_tp5_h180_r0.01,v28_wf_REVERSE_BOTH_sl2_tp5_h180_r0.01_5392-0916131654,V28_REVERSE_BOTH,3,"{'risk': 0.01, 'sl_atr': 2.0, 'tp_atr': 5.0, 'hold_min': 180}",wf,2025.12.14,2026.03.13,wf,27,250.4,2.5161,51.85,0,0,27,1.56,165.76,1.62,9.27,1.22,50.01,-34.6,4,2.516130365167043,False,True,100% real ticks,4272.0,3841286.0,True,V28-0053,,101.48,2.4675,
REVERSE_BOTH_sl2_tp6_h180_r0.01,v28_wf_REVERSE_BOTH_sl2_tp6_h180_r0.01_5392-0916131712,V28_REVERSE_BOTH,3,"{'risk': 0.01, 'sl_atr': 2.0, 'tp_atr': 6.0, 'hold_min': 180}",wf,2025.12.14,2026.03.13,wf,27,250.4,2.5161,51.85,0,0,27,1.56,165.76,1.62,9.27,1.22,50.01,-34.6,4,2.516130365167043,False,True,100% real ticks,4272.0,3841286.0,True,V28-0054,,101.48,2.4675,
REVERSE_BOTH_sl2_tp4_h30_r0.01,v28_wf_REVERSE_BOTH_sl2_tp4_h30_r0.01_5392-0916131733,V28_REVERSE_BOTH,3,"{'risk': 0.01, 'sl_atr': 2.0, 'tp_atr': 4.0, 'hold_min': 30}",wf,2025.12.14,2026.03.13,wf,32,-58.04,-0.5735,56.25,0,0,32,0.81,205.78,2.03,-1.81,-0.27,14.05,-22.21,5,-0.5735428463299527,False,True,100% real ticks,4272.0,3841286.0,True,V28-0055,,100.44,-0.5779,
REVERSE_BOTH_sl2_tp4_h60_r0.01,v28_wf_REVERSE_BOTH_sl2_tp4_h60_r0.01_5392-0916131750,V28_REVERSE_BOTH,3,"{'risk': 0.01, 'sl_atr': 2.0, 'tp_atr': 4.0, 'hold_min': 60}",wf,2025.12.14,2026.03.13,wf,29,33.41,0.3509,48.28,0,0,29,1.08,251.13,2.45,1.15,0.13,30.89,-26.6,5,0.3508539008405249,False,True,100% real ticks,4272.0,3841286.0,True,V28-0056,,101.25,0.33,
REVERSE_BOTH_sl2_tp4_h90_r0.01,v28_wf_REVERSE_BOTH_sl2_tp4_h90_r0.01_5392-0916131814,V28_REVERSE_BOTH,3,"{'risk': 0.01, 'sl_atr': 2.0, 'tp_atr': 4.0, 'hold_min': 90}",wf,2025.12.14,2026.03.13,wf,29,89.05,0.9097,41.38,0,0,29,1.22,244.3,2.37,3.07,0.31,41.4,-23.99,6,0.9097205886963929,False,True,100% real ticks,4272.0,3841286.0,True,V28-0057,,101.89,0.874,
REVERSE_BOTH_sl2_tp4_h120_r0.01,v28_wf_REVERSE_BOTH_sl2_tp4_h120_r0.01_5392-0916131829,V28_REVERSE_BOTH,3,"{'risk': 0.01, 'sl_atr': 2.0, 'tp_atr': 4.0, 'hold_min': 120}",wf,2025.12.14,2026.03.13,wf,29,185.09,1.856,37.93,0,0,29,1.58,93.76,0.92,6.38,1.21,45.7,-17.65,5,1.85599282512935,False,True,100% real ticks,4272.0,3841286.0,True,V28-0058,,101.46,1.8243,
REVERSE_BOTH_sl2_tp4_h240_r0.01,v28_wf_REVERSE_BOTH_sl2_tp4_h240_r0.01_5392-0916131846,V28_REVERSE_BOTH,3,"{'risk': 0.01, 'sl_atr': 2.0, 'tp_atr': 4.0, 'hold_min': 240}",wf,2025.12.14,2026.03.13,wf,26,244.99,2.4753,50.0,1,0,25,1.41,169.75,1.66,9.42,0.86,64.3,-45.46,4,2.475341626622449,False,True,100% real ticks,4272.0,3841286.0,True,V28-0059,,100.58,2.4358,
REVERSE_BOTH_sl2_tp4_h360_r0.01,v28_wf_REVERSE_BOTH_sl2_tp4_h360_r0.01_5392-0916131904,V28_REVERSE_BOTH,3,"{'risk': 0.01, 'sl_atr': 2.0, 'tp_atr': 4.0, 'hold_min': 360}",wf,2025.12.14,2026.03.13,wf,26,49.62,0.5692,50.0,6,0,20,1.06,254.93,2.52,1.91,0.15,62.91,-59.09,4,0.5692039956310627,False,True,100% real ticks,4272.0,3841286.0,True,V28-0060,,99.87,0.4968,
REVERSE_BOTH_sl2_tp2_h180_r0.01,v28_oos_REVERSE_BOTH_sl2_tp2_h180_r0.01_16432-0916143308,V28_REVERSE_BOTH,3,"{'risk': 0.01, 'sl_atr': 2.0, 'tp_atr': 2.0, 'hold_min': 180}",oos,2025.09.15,2025.12.13,oos,12,20.55,0.225,50.0,1,1,10,1.07,150.44,1.48,1.71,0.09,51.71,-48.28,2,0.2250379398965496,False,True,100% real ticks,4272.0,3842190.0,True,V28-0061,,100.55,0.2044,
